Date,AT&T INC. (XNYS:T),"AXON ENTERPRISE, INC. (XNAS:AXON)",BOSTON SCIENTIFIC CORPORATION (XNYS:BSX),BROADCOM INC. (XNAS:AVGO),CONSTELLATION ENERGY CORPORATION. (XNAS:CEG),"CORTEVA, INC. (XNYS:CTVA)",DAVITA INC. (XNYS:DVA),EBAY INC. (XNAS:EBAY),ELI LILLY AND COMPANY (XNYS:LLY),GENERAL ELECTRIC COMPANY (XNYS:GE),HOWMET AEROSPACE INC. (XNYS:HWM),INTERNATIONAL PAPER COMPANY (XNYS:IP),JOHNSON CONTROLS INTERNATIONAL PLC (XNYS:JCI),KELLANOVA (XNYS:K),"Meta Platforms, Inc. (XNAS:META)","NETFLIX, INC. (XNAS:NFLX)","NRG ENERGY, INC. (XNYS:NRG)",NVIDIA CORPORATION (XNAS:NVDA),"ONEOK, INC. (XNYS:OKE)",PACKAGING CORPORATION OF AMERICA (XNYS:PKG),PALANTIR TECHNOLOGIES INC. (XNAS:PLTR),PUBLIC SERVICE ENTERPRISE GROUP INCORPORATED (XNYS:PEG),RALPH LAUREN CORPORATION (XNYS:RL),TARGA RESOURCES CORP. (XNYS:TRGP),TEXAS PACIFIC LAND CORPORATION (XNYS:TPL),THE KROGER CO. (XNYS:KR),"THE WILLIAMS COMPANIES, INC. (XNYS:WMB)",VISTRA CORP. (XNYS:VST),WALMART INC. (XNYS:WMT),"WILLIAMS-SONOMA, INC. (XNYS:WSM)",3M COMPANY (XNYS:MMM),"AIR PRODUCTS AND CHEMICALS, INC. (XNYS:APD)","Altria Group, Inc. (XNYS:MO)",BOOKING HOLDINGS INC. (XNAS:BKNG),ENTERGY CORPORATION (XNYS:ETR),FOX CORPORATION (XNAS:FOXA),Garmin Ltd (XNYS:GRMN),GE VERNOVA INC. (XNYS:GEV),GODADDY INC. (XNYS:GDDY),INSULET CORPORATION (XNAS:PODD),"INTUITIVE SURGICAL, INC. (XNAS:ISRG)","KINDER MORGAN, INC. (XNYS:KMI)",NEWMONT CORPORATION (XNYS:NEM),NISOURCE INC. (XNYS:NI),Philip Morris International Inc. (XNYS:PM),ROYAL CARIBBEAN CRUISES LTD. (XNYS:RCL),"T-MOBILE US, INC. (XNAS:TMUS)",AMEREN CORPORATION (XNYS:AEE),"F5, INC. (XNAS:FFIV)",FAIR ISAAC CORPORATION (XNYS:FICO),"GILEAD SCIENCES, INC. (XNAS:GILD)","TAPESTRY, INC. (XNYS:TPR)","DOORDASH, INC. (XNAS:DASH)","FORTINET, INC. (XNAS:FTNT)","LIVE NATION ENTERTAINMENT, INC. (XNYS:LYV)","TAKE-TWO INTERACTIVE SOFTWARE, INC. (XNAS:TTWO)","UNITED AIRLINES HOLDINGS, INC. (XNAS:UAL)","WEC ENERGY GROUP, INC. (XNYS:WEC)",IRON MOUNTAIN INCORPORATED (XNYS:IRM),"CBRE GROUP, INC. (XNYS:CBRE)","DELTA AIR LINES, INC. (XNYS:DAL)","PAYCOM SOFTWARE, INC. (XNYS:PAYC)",BRISTOL-MYERS SQUIBB CO (XNYS:BMY),Carnival Corp (XNYS:CCL),NORWEGIAN CRUISE LINE HOLDINGS LTD. (XNYS:NCLH),"TESLA, INC. (XNAS:TSLA)",ALPHABET INC. (XNAS:GOOGL),APPLE INC. (XNAS:AAPL),"AMAZON.COM, INC. (XNAS:AMZN)","NIKE, INC. (XNYS:NKE)",FEDEX CORPORATION (XNYS:FDX),ACCENTURE PUBLIC LIMITED COMPANY (XNYS:ACN),ADOBE INC. (XNAS:ADBE),DOLLAR GENERAL CORPORATION (XNYS:DG),EXELON CORPORATION (XNAS:EXC),"VERISIGN, INC. (XNAS:VRSN)","CENTERPOINT ENERGY, INC. (XNYS:CNP)",DTE ENERGY COMPANY (XNYS:DTE),"DARDEN RESTAURANTS, INC. (XNYS:DRI)"
2024-01-16,110,12,52,10,28,69,10,77,4,31,59,84,60,58,8,4,62,56,45,19,110,53,23,38,6,68,91,80,58,31,0,0,0,0,0,0,0,0,0,0,0,0,0,0,0,0,0,0,0,0,0,0,0,0,0,0,0,0,0,0,0,0,0,0,0,0,0,0,0,0,0,0,0,0,0,0,0,0,0
2024-01-17,110,12,52,10,28,69,10,77,4,31,59,84,60,58,8,4,62,56,45,19,110,53,23,38,6,68,91,80,58,31,0,0,0,0,0,0,0,0,0,0,0,0,0,0,0,0,0,0,0,0,0,0,0,0,0,0,0,0,0,0,0,0,0,0,0,0,0,0,0,0,0,0,0,0,0,0,0,0,0
2024-01-18,110,12,52,10,28,69,10,77,4,31,59,84,60,58,8,4,62,56,45,19,110,53,23,38,6,68,91,80,58,31,0,0,0,0,0,0,0,0,0,0,0,0,0,0,0,0,0,0,0,0,0,0,0,0,0,0,0,0,0,0,0,0,0,0,0,0,0,0,0,0,0,0,0,0,0,0,0,0,0
2024-01-19,110,12,52,10,28,69,10,77,4,31,59,84,60,58,8,4,62,56,45,19,110,53,23,38,6,68,91,80,58,31,0,0,0,0,0,0,0,0,0,0,0,0,0,0,0,0,0,0,0,0,0,0,0,0,0,0,0,0,0,0,0,0,0,0,0,0,0,0,0,0,0,0,0,0,0,0,0,0,0
2024-01-22,110,12,52,10,28,69,10,77,4,31,59,84,60,58,8,4,62,56,45,19,110,53,23,38,6,68,91,80,58,31,0,0,0,0,0,0,0,0,0,0,0,0,0,0,0,0,0,0,0,0,0,0,0,0,0,0,0,0,0,0,0,0,0,0,0,0,0,0,0,0,0,0,0,0,0,0,0,0,0
2024-01-23,110,12,52,10,28,69,10,77,4,31,59,84,60,58,8,4,62,56,45,19,110,53,23,38,6,68,91,80,58,31,0,0,0,0,0,0,0,0,0,0,0,0,0,0,0,0,0,0,0,0,0,0,0,0,0,0,0,0,0,0,0,0,0,0,0,0,0,0,0,0,0,0,0,0,0,0,0,0,0
2024-01-24,110,12,52,10,28,69,10,77,4,31,59,84,60,58,8,4,62,56,45,19,110,53,23,38,6,68,91,80,58,31,0,0,0,0,0,0,0,0,0,0,0,0,0,0,0,0,0,0,0,0,0,0,0,0,0,0,0,0,0,0,0,0,0,0,0,0,0,0,0,0,0,0,0,0,0,0,0,0,0
2024-01-25,110,12,52,10,28,69,10,77,4,31,59,84,60,58,8,4,62,56,45,19,110,53,23,38,6,68,91,80,58,31,0,0,0,0,0,0,0,0,0,0,0,0,0,0,0,0,0,0,0,0,0,0,0,0,0,0,0,0,0,0,0,0,0,0,0,0,0,0,0,0,0,0,0,0,0,0,0,0,0
2024-01-26,110,12,52,10,28,69,10,77,4,31,59,84,60,58,8,4,62,56,45,19,110,53,23,38,6,68,91,80,58,31,0,0,0,0,0,0,0,0,0,0,0,0,0,0,0,0,0,0,0,0,0,0,0,0,0,0,0,0,0,0,0,0,0,0,0,0,0,0,0,0,0,0,0,0,0,0,0,0,0
2024-01-29,110,12,52,10,28,69,10,77,4,31,59,84,60,58,8,4,62,56,45,19,110,53,23,38,6,68,91,80,58,31,0,0,0,0,0,0,0,0,0,0,0,0,0,0,0,0,0,0,0,0,0,0,0,0,0,0,0,0,0,0,0,0,0,0,0,0,0,0,0,0,0,0,0,0,0,0,0,0,0
2024-01-30,110,12,52,10,28,69,10,77,4,31,59,84,60,58,8,4,62,56,45,19,110,53,23,38,6,68,91,80,58,31,0,0,0,0,0,0,0,0,0,0,0,0,0,0,0,0,0,0,0,0,0,0,0,0,0,0,0,0,0,0,0,0,0,0,0,0,0,0,0,0,0,0,0,0,0,0,0,0,0
2024-01-31,110,12,52,10,28,69,10,77,4,31,59,84,60,58,8,4,62,56,45,19,110,53,23,38,6,68,91,80,58,31,0,0,0,0,0,0,0,0,0,0,0,0,0,0,0,0,0,0,0,0,0,0,0,0,0,0,0,0,0,0,0,0,0,0,0,0,0,0,0,0,0,0,0,0,0,0,0,0,0
2024-02-01,110,12,52,10,28,69,10,77,4,31,59,84,60,58,8,4,62,56,45,19,110,53,23,38,6,68,91,80,58,31,0,0,0,0,0,0,0,0,0,0,0,0,0,0,0,0,0,0,0,0,0,0,0,0,0,0,0,0,0,0,0,0,0,0,0,0,0,0,0,0,0,0,0,0,0,0,0,0,0
2024-02-02,110,12,52,10,28,69,10,77,4,31,59,84,60,58,8,4,62,56,45,19,110,53,23,38,6,68,91,80,58,31,0,0,0,0,0,0,0,0,0,0,0,0,0,0,0,0,0,0,0,0,0,0,0,0,0,0,0,0,0,0,0,0,0,0,0,0,0,0,0,0,0,0,0,0,0,0,0,0,0
2024-02-05,110,12,52,10,28,69,10,77,4,31,59,84,60,58,8,4,62,56,45,19,110,53,23,38,6,68,91,80,58,31,0,0,0,0,0,0,0,0,0,0,0,0,0,0,0,0,0,0,0,0,0,0,0,0,0,0,0,0,0,0,0,0,0,0,0,0,0,0,0,0,0,0,0,0,0,0,0,0,0
2024-02-06,110,12,52,10,28,69,10,77,4,31,59,84,60,58,8,4,62,56,45,19,110,53,23,38,6,68,91,80,58,31,0,0,0,0,0,0,0,0,0,0,0,0,0,0,0,0,0,0,0,0,0,0,0,0,0,0,0,0,0,0,0,0,0,0,0,0,0,0,0,0,0,0,0,0,0,0,0,0,0
2024-02-07,110,12,52,10,28,69,10,77,4,31,59,84,60,58,8,4,62,56,45,19,110,53,23,38,6,68,91,80,58,31,0,0,0,0,0,0,0,0,0,0,0,0,0,0,0,0,0,0,0,0,0,0,0,0,0,0,0,0,0,0,0,0,0,0,0,0,0,0,0,0,0,0,0,0,0,0,0,0,0
2024-02-08,110,12,52,10,28,69,10,77,4,31,59,84,60,58,8,4,62,56,45,19,110,53,23,38,6,68,91,80,58,31,0,0,0,0,0,0,0,0,0,0,0,0,0,0,0,0,0,0,0,0,0,0,0,0,0,0,0,0,0,0,0,0,0,0,0,0,0,0,0,0,0,0,0,0,0,0,0,0,0
2024-02-09,110,12,52,10,28,69,10,77,4,31,59,84,60,58,8,4,62,56,45,19,110,53,23,38,6,68,91,80,58,31,0,0,0,0,0,0,0,0,0,0,0,0,0,0,0,0,0,0,0,0,0,0,0,0,0,0,0,0,0,0,0,0,0,0,0,0,0,0,0,0,0,0,0,0,0,0,0,0,0
2024-02-12,110,12,52,10,28,69,10,77,4,31,59,84,60,58,8,4,62,56,45,19,110,53,23,38,6,68,91,80,58,31,0,0,0,0,0,0,0,0,0,0,0,0,0,0,0,0,0,0,0,0,0,0,0,0,0,0,0,0,0,0,0,0,0,0,0,0,0,0,0,0,0,0,0,0,0,0,0,0,0
2024-02-13,110,12,52,10,28,69,10,77,4,31,59,84,60,58,8,4,62,56,45,19,110,53,23,38,6,68,91,80,58,31,0,0,0,0,0,0,0,0,0,0,0,0,0,0,0,0,0,0,0,0,0,0,0,0,0,0,0,0,0,0,0,0,0,0,0,0,0,0,0,0,0,0,0,0,0,0,0,0,0
2024-02-14,110,12,52,10,28,69,10,77,4,31,59,84,60,58,8,4,62,56,45,19,110,53,23,38,6,68,91,80,58,31,0,0,0,0,0,0,0,0,0,0,0,0,0,0,0,0,0,0,0,0,0,0,0,0,0,0,0,0,0,0,0,0,0,0,0,0,0,0,0,0,0,0,0,0,0,0,0,0,0
2024-02-15,110,12,52,10,28,69,10,77,4,31,59,84,60,58,8,4,62,56,45,19,110,53,23,38,6,68,91,80,58,31,0,0,0,0,0,0,0,0,0,0,0,0,0,0,0,0,0,0,0,0,0,0,0,0,0,0,0,0,0,0,0,0,0,0,0,0,0,0,0,0,0,0,0,0,0,0,0,0,0
2024-02-16,110,12,52,10,28,69,10,77,4,31,59,84,60,58,8,4,62,56,45,19,110,53,23,38,6,68,91,80,58,31,0,0,0,0,0,0,0,0,0,0,0,0,0,0,0,0,0,0,0,0,0,0,0,0,0,0,0,0,0,0,0,0,0,0,0,0,0,0,0,0,0,0,0,0,0,0,0,0,0
2024-02-20,110,12,52,10,28,69,10,77,4,31,59,84,60,58,8,4,62,56,45,19,110,53,23,38,6,68,91,80,58,31,0,0,0,0,0,0,0,0,0,0,0,0,0,0,0,0,0,0,0,0,0,0,0,0,0,0,0,0,0,0,0,0,0,0,0,0,0,0,0,0,0,0,0,0,0,0,0,0,0
2024-02-21,110,12,52,10,28,69,10,77,4,31,59,84,60,58,8,4,62,56,45,19,110,53,23,38,6,68,91,80,58,31,0,0,0,0,0,0,0,0,0,0,0,0,0,0,0,0,0,0,0,0,0,0,0,0,0,0,0,0,0,0,0,0,0,0,0,0,0,0,0,0,0,0,0,0,0,0,0,0,0
2024-02-22,110,12,52,10,28,69,10,77,4,31,59,84,60,58,8,4,62,56,45,19,110,53,23,38,6,68,91,80,58,31,0,0,0,0,0,0,0,0,0,0,0,0,0,0,0,0,0,0,0,0,0,0,0,0,0,0,0,0,0,0,0,0,0,0,0,0,0,0,0,0,0,0,0,0,0,0,0,0,0
2024-02-23,110,12,52,10,28,69,10,77,4,31,59,84,60,58,8,4,62,56,45,19,110,53,23,38,6,68,91,80,58,31,0,0,0,0,0,0,0,0,0,0,0,0,0,0,0,0,0,0,0,0,0,0,0,0,0,0,0,0,0,0,0,0,0,0,0,0,0,0,0,0,0,0,0,0,0,0,0,0,0
2024-02-26,110,12,52,10,28,69,10,77,4,31,59,84,60,58,8,4,62,56,45,19,110,53,23,38,6,68,91,80,58,31,0,0,0,0,0,0,0,0,0,0,0,0,0,0,0,0,0,0,0,0,0,0,0,0,0,0,0,0,0,0,0,0,0,0,0,0,0,0,0,0,0,0,0,0,0,0,0,0,0
2024-02-27,110,12,52,10,28,69,10,77,4,31,59,84,60,58,8,4,62,56,45,19,110,53,23,38,6,68,91,80,58,31,0,0,0,0,0,0,0,0,0,0,0,0,0,0,0,0,0,0,0,0,0,0,0,0,0,0,0,0,0,0,0,0,0,0,0,0,0,0,0,0,0,0,0,0,0,0,0,0,0
2024-02-28,110,12,52,10,28,69,10,77,4,31,59,84,60,58,8,4,62,56,45,19,110,53,23,38,6,68,91,80,58,31,0,0,0,0,0,0,0,0,0,0,0,0,0,0,0,0,0,0,0,0,0,0,0,0,0,0,0,0,0,0,0,0,0,0,0,0,0,0,0,0,0,0,0,0,0,0,0,0,0
2024-02-29,110,12,52,10,28,69,10,77,4,31,59,84,60,58,8,4,62,56,45,19,110,53,23,38,6,68,91,80,58,31,0,0,0,0,0,0,0,0,0,0,0,0,0,0,0,0,0,0,0,0,0,0,0,0,0,0,0,0,0,0,0,0,0,0,0,0,0,0,0,0,0,0,0,0,0,0,0,0,0
2024-03-01,110,12,52,10,28,69,10,77,4,31,59,84,60,58,8,4,62,56,45,19,110,53,23,38,6,68,91,80,58,31,0,0,0,0,0,0,0,0,0,0,0,0,0,0,0,0,0,0,0,0,0,0,0,0,0,0,0,0,0,0,0,0,0,0,0,0,0,0,0,0,0,0,0,0,0,0,0,0,0
2024-03-04,110,12,52,10,28,69,10,77,4,31,59,84,60,58,8,4,62,56,45,19,110,53,23,38,6,68,91,80,58,31,0,0,0,0,0,0,0,0,0,0,0,0,0,0,0,0,0,0,0,0,0,0,0,0,0,0,0,0,0,0,0,0,0,0,0,0,0,0,0,0,0,0,0,0,0,0,0,0,0
2024-03-05,110,12,52,10,28,69,10,77,4,31,59,84,60,58,8,4,62,56,45,19,110,53,23,38,6,68,91,80,58,31,0,0,0,0,0,0,0,0,0,0,0,0,0,0,0,0,0,0,0,0,0,0,0,0,0,0,0,0,0,0,0,0,0,0,0,0,0,0,0,0,0,0,0,0,0,0,0,0,0
2024-03-06,110,12,52,10,28,69,10,77,4,31,59,84,60,58,8,4,62,56,45,19,110,53,23,38,6,68,91,80,58,31,0,0,0,0,0,0,0,0,0,0,0,0,0,0,0,0,0,0,0,0,0,0,0,0,0,0,0,0,0,0,0,0,0,0,0,0,0,0,0,0,0,0,0,0,0,0,0,0,0
2024-03-07,110,12,52,10,28,69,10,77,4,31,59,84,60,58,8,4,62,56,45,19,110,53,23,38,6,68,91,80,58,31,0,0,0,0,0,0,0,0,0,0,0,0,0,0,0,0,0,0,0,0,0,0,0,0,0,0,0,0,0,0,0,0,0,0,0,0,0,0,0,0,0,0,0,0,0,0,0,0,0
2024-03-08,110,12,52,10,28,69,10,77,4,31,59,84,60,58,8,4,62,56,45,19,110,53,23,38,6,68,91,80,58,31,0,0,0,0,0,0,0,0,0,0,0,0,0,0,0,0,0,0,0,0,0,0,0,0,0,0,0,0,0,0,0,0,0,0,0,0,0,0,0,0,0,0,0,0,0,0,0,0,0
2024-03-11,110,12,52,10,28,69,10,77,4,31,59,84,60,58,8,4,62,56,45,19,110,53,23,38,6,68,91,80,58,31,0,0,0,0,0,0,0,0,0,0,0,0,0,0,0,0,0,0,0,0,0,0,0,0,0,0,0,0,0,0,0,0,0,0,0,0,0,0,0,0,0,0,0,0,0,0,0,0,0
2024-03-12,110,12,52,10,28,69,10,77,4,31,59,84,60,58,8,4,62,56,45,19,110,53,23,38,6,68,91,80,58,31,0,0,0,0,0,0,0,0,0,0,0,0,0,0,0,0,0,0,0,0,0,0,0,0,0,0,0,0,0,0,0,0,0,0,0,0,0,0,0,0,0,0,0,0,0,0,0,0,0
2024-03-13,110,12,52,10,28,69,10,77,4,31,59,84,60,58,8,4,62,56,45,19,110,53,23,38,6,68,91,80,58,31,0,0,0,0,0,0,0,0,0,0,0,0,0,0,0,0,0,0,0,0,0,0,0,0,0,0,0,0,0,0,0,0,0,0,0,0,0,0,0,0,0,0,0,0,0,0,0,0,0
2024-03-14,110,12,52,10,28,69,10,77,4,31,59,84,60,58,8,4,62,56,45,19,110,53,23,38,6,68,91,80,58,31,0,0,0,0,0,0,0,0,0,0,0,0,0,0,0,0,0,0,0,0,0,0,0,0,0,0,0,0,0,0,0,0,0,0,0,0,0,0,0,0,0,0,0,0,0,0,0,0,0
2024-03-15,110,12,52,10,28,69,10,77,4,31,59,84,60,58,8,4,62,56,45,19,110,53,23,38,6,68,91,80,58,31,0,0,0,0,0,0,0,0,0,0,0,0,0,0,0,0,0,0,0,0,0,0,0,0,0,0,0,0,0,0,0,0,0,0,0,0,0,0,0,0,0,0,0,0,0,0,0,0,0
2024-03-18,110,12,52,10,28,69,10,77,4,31,59,84,60,58,8,4,62,56,45,19,110,53,23,38,6,68,91,80,58,31,0,0,0,0,0,0,0,0,0,0,0,0,0,0,0,0,0,0,0,0,0,0,0,0,0,0,0,0,0,0,0,0,0,0,0,0,0,0,0,0,0,0,0,0,0,0,0,0,0
2024-03-19,110,12,52,10,28,69,10,77,4,31,59,84,60,58,8,4,62,56,45,19,110,53,23,38,6,68,91,80,58,31,0,0,0,0,0,0,0,0,0,0,0,0,0,0,0,0,0,0,0,0,0,0,0,0,0,0,0,0,0,0,0,0,0,0,0,0,0,0,0,0,0,0,0,0,0,0,0,0,0
2024-03-20,110,12,52,10,28,69,10,77,4,31,59,84,60,58,8,4,62,56,45,19,110,53,23,38,6,68,91,80,58,31,0,0,0,0,0,0,0,0,0,0,0,0,0,0,0,0,0,0,0,0,0,0,0,0,0,0,0,0,0,0,0,0,0,0,0,0,0,0,0,0,0,0,0,0,0,0,0,0,0
2024-03-21,110,12,52,10,28,69,10,77,4,31,59,84,60,58,8,4,62,56,45,19,110,53,23,38,6,68,91,80,58,31,0,0,0,0,0,0,0,0,0,0,0,0,0,0,0,0,0,0,0,0,0,0,0,0,0,0,0,0,0,0,0,0,0,0,0,0,0,0,0,0,0,0,0,0,0,0,0,0,0
2024-03-22,110,12,52,10,28,69,10,77,4,31,59,84,60,58,8,4,62,56,45,19,110,53,23,38,6,68,91,80,58,31,0,0,0,0,0,0,0,0,0,0,0,0,0,0,0,0,0,0,0,0,0,0,0,0,0,0,0,0,0,0,0,0,0,0,0,0,0,0,0,0,0,0,0,0,0,0,0,0,0
2024-03-25,110,12,52,10,28,69,10,77,4,31,59,84,60,58,8,4,62,56,45,19,110,53,23,38,6,68,91,80,58,31,0,0,0,0,0,0,0,0,0,0,0,0,0,0,0,0,0,0,0,0,0,0,0,0,0,0,0,0,0,0,0,0,0,0,0,0,0,0,0,0,0,0,0,0,0,0,0,0,0
2024-03-26,110,12,52,10,28,69,10,77,4,31,59,84,60,58,8,4,62,56,45,19,110,53,23,38,6,68,91,80,58,31,0,0,0,0,0,0,0,0,0,0,0,0,0,0,0,0,0,0,0,0,0,0,0,0,0,0,0,0,0,0,0,0,0,0,0,0,0,0,0,0,0,0,0,0,0,0,0,0,0
2024-03-27,110,12,52,10,28,69,10,77,4,31,59,84,60,58,8,4,62,56,45,19,110,53,23,38,6,68,91,80,58,31,0,0,0,0,0,0,0,0,0,0,0,0,0,0,0,0,0,0,0,0,0,0,0,0,0,0,0,0,0,0,0,0,0,0,0,0,0,0,0,0,0,0,0,0,0,0,0,0,0
2024-03-28,110,12,52,10,28,69,10,77,4,31,59,84,60,58,8,4,62,56,45,19,110,53,23,38,6,68,91,80,58,31,0,0,0,0,0,0,0,0,0,0,0,0,0,0,0,0,0,0,0,0,0,0,0,0,0,0,0,0,0,0,0,0,0,0,0,0,0,0,0,0,0,0,0,0,0,0,0,0,0
2024-04-01,110,0,52,10,0,0,0,0,0,0,59,84,0,58,0,4,62,0,0,0,110,53,23,38,6,0,0,80,58,0,33,13,73,1,60,101,21,22,26,18,8,172,86,115,34,22,19,0,0,0,0,0,0,0,0,0,0,0,0,0,0,0,0,0,0,0,0,0,0,0,0,0,0,0,0,0,0,0,0
2024-04-02,110,0,52,10,0,0,0,0,0,0,59,84,0,58,0,4,62,0,0,0,110,53,23,38,6,0,0,80,58,0,33,13,73,1,60,101,21,22,26,18,8,172,86,115,34,22,19,0,0,0,0,0,0,0,0,0,0,0,0,0,0,0,0,0,0,0,0,0,0,0,0,0,0,0,0,0,0,0,0
2024-04-03,110,0,52,10,0,0,0,0,0,0,59,84,0,58,0,4,62,0,0,0,110,53,23,38,6,0,0,80,58,0,33,13,73,1,60,101,21,22,26,18,8,172,86,115,34,22,19,0,0,0,0,0,0,0,0,0,0,0,0,0,0,0,0,0,0,0,0,0,0,0,0,0,0,0,0,0,0,0,0
2024-04-04,110,0,52,10,0,0,0,0,0,0,59,84,0,58,0,4,62,0,0,0,110,53,23,38,6,0,0,80,58,0,33,13,73,1,60,101,21,22,26,18,8,172,86,115,34,22,19,0,0,0,0,0,0,0,0,0,0,0,0,0,0,0,0,0,0,0,0,0,0,0,0,0,0,0,0,0,0,0,0
2024-04-05,110,0,52,10,0,0,0,0,0,0,59,84,0,58,0,4,62,0,0,0,110,53,23,38,6,0,0,80,58,0,33,13,73,1,60,101,21,22,26,18,8,172,86,115,34,22,19,0,0,0,0,0,0,0,0,0,0,0,0,0,0,0,0,0,0,0,0,0,0,0,0,0,0,0,0,0,0,0,0
2024-04-08,110,0,52,10,0,0,0,0,0,0,59,84,0,58,0,4,62,0,0,0,110,53,23,38,6,0,0,80,58,0,33,13,73,1,60,101,21,22,26,18,8,172,86,115,34,22,19,0,0,0,0,0,0,0,0,0,0,0,0,0,0,0,0,0,0,0,0,0,0,0,0,0,0,0,0,0,0,0,0
2024-04-09,110,0,52,10,0,0,0,0,0,0,59,84,0,58,0,4,62,0,0,0,110,53,23,38,6,0,0,80,58,0,33,13,73,1,60,101,21,22,26,18,8,172,86,115,34,22,19,0,0,0,0,0,0,0,0,0,0,0,0,0,0,0,0,0,0,0,0,0,0,0,0,0,0,0,0,0,0,0,0
2024-04-10,110,0,52,10,0,0,0,0,0,0,59,84,0,58,0,4,62,0,0,0,110,53,23,38,6,0,0,80,58,0,33,13,73,1,60,101,21,22,26,18,8,172,86,115,34,22,19,0,0,0,0,0,0,0,0,0,0,0,0,0,0,0,0,0,0,0,0,0,0,0,0,0,0,0,0,0,0,0,0
2024-04-11,110,0,52,10,0,0,0,0,0,0,59,84,0,58,0,4,62,0,0,0,110,53,23,38,6,0,0,80,58,0,33,13,73,1,60,101,21,22,26,18,8,172,86,115,34,22,19,0,0,0,0,0,0,0,0,0,0,0,0,0,0,0,0,0,0,0,0,0,0,0,0,0,0,0,0,0,0,0,0
2024-04-12,110,0,52,10,0,0,0,0,0,0,59,84,0,58,0,4,62,0,0,0,110,53,23,38,6,0,0,80,58,0,33,13,73,1,60,101,21,22,26,18,8,172,86,115,34,22,19,0,0,0,0,0,0,0,0,0,0,0,0,0,0,0,0,0,0,0,0,0,0,0,0,0,0,0,0,0,0,0,0
2024-04-15,110,0,52,10,0,0,0,0,0,0,59,84,0,58,0,4,62,0,0,0,110,53,23,38,6,0,0,80,58,0,33,13,73,1,60,101,21,22,26,18,8,172,86,115,34,22,19,0,0,0,0,0,0,0,0,0,0,0,0,0,0,0,0,0,0,0,0,0,0,0,0,0,0,0,0,0,0,0,0
2024-04-16,110,0,52,10,0,0,0,0,0,0,59,84,0,58,0,4,62,0,0,0,110,53,23,38,6,0,0,80,58,0,33,13,73,1,60,101,21,22,26,18,8,172,86,115,34,22,19,0,0,0,0,0,0,0,0,0,0,0,0,0,0,0,0,0,0,0,0,0,0,0,0,0,0,0,0,0,0,0,0
2024-04-17,110,0,52,10,0,0,0,0,0,0,59,84,0,58,0,4,62,0,0,0,110,53,23,38,6,0,0,80,58,0,33,13,73,1,60,101,21,22,26,18,8,172,86,115,34,22,19,0,0,0,0,0,0,0,0,0,0,0,0,0,0,0,0,0,0,0,0,0,0,0,0,0,0,0,0,0,0,0,0
2024-04-18,110,0,52,10,0,0,0,0,0,0,59,84,0,58,0,4,62,0,0,0,110,53,23,38,6,0,0,80,58,0,33,13,73,1,60,101,21,22,26,18,8,172,86,115,34,22,19,0,0,0,0,0,0,0,0,0,0,0,0,0,0,0,0,0,0,0,0,0,0,0,0,0,0,0,0,0,0,0,0
2024-04-19,110,0,52,10,0,0,0,0,0,0,59,84,0,58,0,4,62,0,0,0,110,53,23,38,6,0,0,80,58,0,33,13,73,1,60,101,21,22,26,18,8,172,86,115,34,22,19,0,0,0,0,0,0,0,0,0,0,0,0,0,0,0,0,0,0,0,0,0,0,0,0,0,0,0,0,0,0,0,0
2024-04-22,110,0,52,10,0,0,0,0,0,0,59,84,0,58,0,4,62,0,0,0,110,53,23,38,6,0,0,80,58,0,33,13,73,1,60,101,21,22,26,18,8,172,86,115,34,22,19,0,0,0,0,0,0,0,0,0,0,0,0,0,0,0,0,0,0,0,0,0,0,0,0,0,0,0,0,0,0,0,0
2024-04-23,110,0,52,10,0,0,0,0,0,0,59,84,0,58,0,4,62,0,0,0,110,53,23,38,6,0,0,80,58,0,33,13,73,1,60,101,21,22,26,18,8,172,86,115,34,22,19,0,0,0,0,0,0,0,0,0,0,0,0,0,0,0,0,0,0,0,0,0,0,0,0,0,0,0,0,0,0,0,0
2024-04-24,110,0,52,10,0,0,0,0,0,0,59,84,0,58,0,4,62,0,0,0,110,53,23,38,6,0,0,80,58,0,33,13,73,1,60,101,21,22,26,18,8,172,86,115,34,22,19,0,0,0,0,0,0,0,0,0,0,0,0,0,0,0,0,0,0,0,0,0,0,0,0,0,0,0,0,0,0,0,0
2024-04-25,110,0,52,10,0,0,0,0,0,0,59,84,0,58,0,4,62,0,0,0,110,53,23,38,6,0,0,80,58,0,33,13,73,1,60,101,21,22,26,18,8,172,86,115,34,22,19,0,0,0,0,0,0,0,0,0,0,0,0,0,0,0,0,0,0,0,0,0,0,0,0,0,0,0,0,0,0,0,0
2024-04-26,110,0,52,10,0,0,0,0,0,0,59,84,0,58,0,4,62,0,0,0,110,53,23,38,6,0,0,80,58,0,33,13,73,1,60,101,21,22,26,18,8,172,86,115,34,22,19,0,0,0,0,0,0,0,0,0,0,0,0,0,0,0,0,0,0,0,0,0,0,0,0,0,0,0,0,0,0,0,0
2024-04-29,110,0,52,10,0,0,0,0,0,0,59,84,0,58,0,4,62,0,0,0,110,53,23,38,6,0,0,80,58,0,33,13,73,1,60,101,21,22,26,18,8,172,86,115,34,22,19,0,0,0,0,0,0,0,0,0,0,0,0,0,0,0,0,0,0,0,0,0,0,0,0,0,0,0,0,0,0,0,0
2024-04-30,110,0,52,10,0,0,0,0,0,0,59,84,0,58,0,4,62,0,0,0,110,53,23,38,6,0,0,80,58,0,33,13,73,1,60,101,21,22,26,18,8,172,86,115,34,22,19,0,0,0,0,0,0,0,0,0,0,0,0,0,0,0,0,0,0,0,0,0,0,0,0,0,0,0,0,0,0,0,0
2024-05-01,110,0,52,10,0,0,0,0,0,0,59,84,0,58,0,4,62,0,0,0,110,53,23,38,6,0,0,80,58,0,33,13,73,1,60,101,21,22,26,18,8,172,86,115,34,22,19,0,0,0,0,0,0,0,0,0,0,0,0,0,0,0,0,0,0,0,0,0,0,0,0,0,0,0,0,0,0,0,0
2024-05-02,110,0,52,10,0,0,0,0,0,0,59,84,0,58,0,4,62,0,0,0,110,53,23,38,6,0,0,80,58,0,33,13,73,1,60,101,21,22,26,18,8,172,86,115,34,22,19,0,0,0,0,0,0,0,0,0,0,0,0,0,0,0,0,0,0,0,0,0,0,0,0,0,0,0,0,0,0,0,0
2024-05-03,110,0,52,10,0,0,0,0,0,0,59,84,0,58,0,4,62,0,0,0,110,53,23,38,6,0,0,80,58,0,33,13,73,1,60,101,21,22,26,18,8,172,86,115,34,22,19,0,0,0,0,0,0,0,0,0,0,0,0,0,0,0,0,0,0,0,0,0,0,0,0,0,0,0,0,0,0,0,0
2024-05-06,110,0,52,10,0,0,0,0,0,0,59,84,0,58,0,4,62,0,0,0,110,53,23,38,6,0,0,80,58,0,33,13,73,1,60,101,21,22,26,18,8,172,86,115,34,22,19,0,0,0,0,0,0,0,0,0,0,0,0,0,0,0,0,0,0,0,0,0,0,0,0,0,0,0,0,0,0,0,0
2024-05-07,110,0,52,10,0,0,0,0,0,0,59,84,0,58,0,4,62,0,0,0,110,53,23,38,6,0,0,80,58,0,33,13,73,1,60,101,21,22,26,18,8,172,86,115,34,22,19,0,0,0,0,0,0,0,0,0,0,0,0,0,0,0,0,0,0,0,0,0,0,0,0,0,0,0,0,0,0,0,0
2024-05-08,110,0,52,10,0,0,0,0,0,0,59,84,0,58,0,4,62,0,0,0,110,53,23,38,6,0,0,80,58,0,33,13,73,1,60,101,21,22,26,18,8,172,86,115,34,22,19,0,0,0,0,0,0,0,0,0,0,0,0,0,0,0,0,0,0,0,0,0,0,0,0,0,0,0,0,0,0,0,0
2024-05-09,110,0,52,10,0,0,0,0,0,0,59,84,0,58,0,4,62,0,0,0,110,53,23,38,6,0,0,80,58,0,33,13,73,1,60,101,21,22,26,18,8,172,86,115,34,22,19,0,0,0,0,0,0,0,0,0,0,0,0,0,0,0,0,0,0,0,0,0,0,0,0,0,0,0,0,0,0,0,0
2024-05-10,110,0,52,10,0,0,0,0,0,0,59,84,0,58,0,4,62,0,0,0,110,53,23,38,6,0,0,80,58,0,33,13,73,1,60,101,21,22,26,18,8,172,86,115,34,22,19,0,0,0,0,0,0,0,0,0,0,0,0,0,0,0,0,0,0,0,0,0,0,0,0,0,0,0,0,0,0,0,0
2024-05-13,110,0,52,10,0,0,0,0,0,0,59,84,0,58,0,4,62,0,0,0,110,53,23,38,6,0,0,80,58,0,33,13,73,1,60,101,21,22,26,18,8,172,86,115,34,22,19,0,0,0,0,0,0,0,0,0,0,0,0,0,0,0,0,0,0,0,0,0,0,0,0,0,0,0,0,0,0,0,0
2024-05-14,110,0,52,10,0,0,0,0,0,0,59,84,0,58,0,4,62,0,0,0,110,53,23,38,6,0,0,80,58,0,33,13,73,1,60,101,21,22,26,18,8,172,86,115,34,22,19,0,0,0,0,0,0,0,0,0,0,0,0,0,0,0,0,0,0,0,0,0,0,0,0,0,0,0,0,0,0,0,0
2024-05-15,110,0,52,10,0,0,0,0,0,0,59,84,0,58,0,4,62,0,0,0,110,53,23,38,6,0,0,80,58,0,33,13,73,1,60,101,21,22,26,18,8,172,86,115,34,22,19,0,0,0,0,0,0,0,0,0,0,0,0,0,0,0,0,0,0,0,0,0,0,0,0,0,0,0,0,0,0,0,0
2024-05-16,110,0,52,10,0,0,0,0,0,0,59,84,0,58,0,4,62,0,0,0,110,53,23,38,6,0,0,80,58,0,33,13,73,1,60,101,21,22,26,18,8,172,86,115,34,22,19,0,0,0,0,0,0,0,0,0,0,0,0,0,0,0,0,0,0,0,0,0,0,0,0,0,0,0,0,0,0,0,0
2024-05-17,110,0,52,10,0,0,0,0,0,0,59,84,0,58,0,4,62,0,0,0,110,53,23,38,6,0,0,80,58,0,33,13,73,1,60,101,21,22,26,18,8,172,86,115,34,22,19,0,0,0,0,0,0,0,0,0,0,0,0,0,0,0,0,0,0,0,0,0,0,0,0,0,0,0,0,0,0,0,0
2024-05-20,110,0,52,10,0,0,0,0,0,0,59,84,0,58,0,4,62,0,0,0,110,53,23,38,6,0,0,80,58,0,33,13,73,1,60,101,21,22,26,18,8,172,86,115,34,22,19,0,0,0,0,0,0,0,0,0,0,0,0,0,0,0,0,0,0,0,0,0,0,0,0,0,0,0,0,0,0,0,0
2024-05-21,110,0,52,10,0,0,0,0,0,0,59,84,0,58,0,4,62,0,0,0,110,53,23,38,6,0,0,80,58,0,33,13,73,1,60,101,21,22,26,18,8,172,86,115,34,22,19,0,0,0,0,0,0,0,0,0,0,0,0,0,0,0,0,0,0,0,0,0,0,0,0,0,0,0,0,0,0,0,0
2024-05-22,110,0,52,10,0,0,0,0,0,0,59,84,0,58,0,4,62,0,0,0,110,53,23,38,6,0,0,80,58,0,33,13,73,1,60,101,21,22,26,18,8,172,86,115,34,22,19,0,0,0,0,0,0,0,0,0,0,0,0,0,0,0,0,0,0,0,0,0,0,0,0,0,0,0,0,0,0,0,0
2024-05-23,110,0,52,10,0,0,0,0,0,0,59,84,0,58,0,4,62,0,0,0,110,53,23,38,6,0,0,80,58,0,33,13,73,1,60,101,21,22,26,18,8,172,86,115,34,22,19,0,0,0,0,0,0,0,0,0,0,0,0,0,0,0,0,0,0,0,0,0,0,0,0,0,0,0,0,0,0,0,0
2024-05-24,110,0,52,10,0,0,0,0,0,0,59,84,0,58,0,4,62,0,0,0,110,53,23,38,6,0,0,80,58,0,33,13,73,1,60,101,21,22,26,18,8,172,86,115,34,22,19,0,0,0,0,0,0,0,0,0,0,0,0,0,0,0,0,0,0,0,0,0,0,0,0,0,0,0,0,0,0,0,0
2024-05-28,110,0,52,10,0,0,0,0,0,0,59,84,0,58,0,4,62,0,0,0,110,53,23,38,6,0,0,80,58,0,33,13,73,1,60,101,21,22,26,18,8,172,86,115,34,22,19,0,0,0,0,0,0,0,0,0,0,0,0,0,0,0,0,0,0,0,0,0,0,0,0,0,0,0,0,0,0,0,0
2024-05-29,110,0,52,10,0,0,0,0,0,0,59,84,0,58,0,4,62,0,0,0,110,53,23,38,6,0,0,80,58,0,33,13,73,1,60,101,21,22,26,18,8,172,86,115,34,22,19,0,0,0,0,0,0,0,0,0,0,0,0,0,0,0,0,0,0,0,0,0,0,0,0,0,0,0,0,0,0,0,0
2024-05-30,110,0,52,10,0,0,0,0,0,0,59,84,0,58,0,4,62,0,0,0,110,53,23,38,6,0,0,80,58,0,33,13,73,1,60,101,21,22,26,18,8,172,86,115,34,22,19,0,0,0,0,0,0,0,0,0,0,0,0,0,0,0,0,0,0,0,0,0,0,0,0,0,0,0,0,0,0,0,0
2024-05-31,110,0,52,10,0,0,0,0,0,0,59,84,0,58,0,4,62,0,0,0,110,53,23,38,6,0,0,80,58,0,33,13,73,1,60,101,21,22,26,18,8,172,86,115,34,22,19,0,0,0,0,0,0,0,0,0,0,0,0,0,0,0,0,0,0,0,0,0,0,0,0,0,0,0,0,0,0,0,0
2024-06-03,110,0,52,10,0,0,0,0,0,0,59,84,0,58,0,4,62,0,0,0,110,53,23,38,6,0,0,80,58,0,33,13,73,1,60,101,21,22,26,18,8,172,86,115,34,22,19,0,0,0,0,0,0,0,0,0,0,0,0,0,0,0,0,0,0,0,0,0,0,0,0,0,0,0,0,0,0,0,0
2024-06-04,110,0,52,10,0,0,0,0,0,0,59,84,0,58,0,4,62,0,0,0,110,53,23,38,6,0,0,80,58,0,33,13,73,1,60,101,21,22,26,18,8,172,86,115,34,22,19,0,0,0,0,0,0,0,0,0,0,0,0,0,0,0,0,0,0,0,0,0,0,0,0,0,0,0,0,0,0,0,0
2024-06-05,110,0,52,10,0,0,0,0,0,0,59,84,0,58,0,4,62,0,0,0,110,53,23,38,6,0,0,80,58,0,33,13,73,1,60,101,21,22,26,18,8,172,86,115,34,22,19,0,0,0,0,0,0,0,0,0,0,0,0,0,0,0,0,0,0,0,0,0,0,0,0,0,0,0,0,0,0,0,0
2024-06-06,110,0,52,10,0,0,0,0,0,0,59,84,0,58,0,4,62,0,0,0,110,53,23,38,6,0,0,80,58,0,33,13,73,1,60,101,21,22,26,18,8,172,86,115,34,22,19,0,0,0,0,0,0,0,0,0,0,0,0,0,0,0,0,0,0,0,0,0,0,0,0,0,0,0,0,0,0,0,0
2024-06-07,110,0,52,10,0,0,0,0,0,0,59,84,0,58,0,4,62,0,0,0,110,53,23,38,6,0,0,80,58,0,33,13,73,1,60,101,21,22,26,18,8,172,86,115,34,22,19,0,0,0,0,0,0,0,0,0,0,0,0,0,0,0,0,0,0,0,0,0,0,0,0,0,0,0,0,0,0,0,0
2024-06-10,110,0,52,10,0,0,0,0,0,0,59,84,0,58,0,4,62,0,0,0,110,53,23,38,6,0,0,80,58,0,33,13,73,1,60,101,21,22,26,18,8,172,86,115,34,22,19,0,0,0,0,0,0,0,0,0,0,0,0,0,0,0,0,0,0,0,0,0,0,0,0,0,0,0,0,0,0,0,0
2024-06-11,110,0,52,10,0,0,0,0,0,0,59,84,0,58,0,4,62,0,0,0,110,53,23,38,6,0,0,80,58,0,33,13,73,1,60,101,21,22,26,18,8,172,86,115,34,22,19,0,0,0,0,0,0,0,0,0,0,0,0,0,0,0,0,0,0,0,0,0,0,0,0,0,0,0,0,0,0,0,0
2024-06-12,110,0,52,10,0,0,0,0,0,0,59,84,0,58,0,4,62,0,0,0,110,53,23,38,6,0,0,80,58,0,33,13,73,1,60,101,21,22,26,18,8,172,86,115,34,22,19,0,0,0,0,0,0,0,0,0,0,0,0,0,0,0,0,0,0,0,0,0,0,0,0,0,0,0,0,0,0,0,0
2024-06-13,110,0,52,10,0,0,0,0,0,0,59,84,0,58,0,4,62,0,0,0,110,53,23,38,6,0,0,80,58,0,33,13,73,1,60,101,21,22,26,18,8,172,86,115,34,22,19,0,0,0,0,0,0,0,0,0,0,0,0,0,0,0,0,0,0,0,0,0,0,0,0,0,0,0,0,0,0,0,0
2024-06-14,110,0,52,10,0,0,0,0,0,0,59,84,0,58,0,4,62,0,0,0,110,53,23,38,6,0,0,80,58,0,33,13,73,1,60,101,21,22,26,18,8,172,86,115,34,22,19,0,0,0,0,0,0,0,0,0,0,0,0,0,0,0,0,0,0,0,0,0,0,0,0,0,0,0,0,0,0,0,0
2024-06-17,110,0,52,10,0,0,0,0,0,0,59,84,0,58,0,4,62,0,0,0,110,53,23,38,6,0,0,80,58,0,33,13,73,1,60,101,21,22,26,18,8,172,86,115,34,22,19,0,0,0,0,0,0,0,0,0,0,0,0,0,0,0,0,0,0,0,0,0,0,0,0,0,0,0,0,0,0,0,0
2024-06-18,110,0,52,10,0,0,0,0,0,0,59,84,0,58,0,4,62,0,0,0,110,53,23,38,6,0,0,80,58,0,33,13,73,1,60,101,21,22,26,18,8,172,86,115,34,22,19,0,0,0,0,0,0,0,0,0,0,0,0,0,0,0,0,0,0,0,0,0,0,0,0,0,0,0,0,0,0,0,0
2024-06-20,110,0,52,10,0,0,0,0,0,0,59,84,0,58,0,4,62,0,0,0,110,53,23,38,6,0,0,80,58,0,33,13,73,1,60,101,21,22,26,18,8,172,86,115,34,22,19,0,0,0,0,0,0,0,0,0,0,0,0,0,0,0,0,0,0,0,0,0,0,0,0,0,0,0,0,0,0,0,0
2024-06-21,110,0,52,10,0,0,0,0,0,0,59,84,0,58,0,4,62,0,0,0,110,53,23,38,6,0,0,80,58,0,33,13,73,1,60,101,21,22,26,18,8,172,86,115,34,22,19,0,0,0,0,0,0,0,0,0,0,0,0,0,0,0,0,0,0,0,0,0,0,0,0,0,0,0,0,0,0,0,0
2024-06-24,110,0,52,10,0,0,0,0,0,0,59,84,0,58,0,4,62,0,0,0,110,53,23,38,6,0,0,80,58,0,33,13,73,1,60,101,21,22,26,18,8,172,86,115,34,22,19,0,0,0,0,0,0,0,0,0,0,0,0,0,0,0,0,0,0,0,0,0,0,0,0,0,0,0,0,0,0,0,0
2024-06-25,110,0,52,10,0,0,0,0,0,0,59,84,0,58,0,4,62,0,0,0,110,53,23,38,6,0,0,80,58,0,33,13,73,1,60,101,21,22,26,18,8,172,86,115,34,22,19,0,0,0,0,0,0,0,0,0,0,0,0,0,0,0,0,0,0,0,0,0,0,0,0,0,0,0,0,0,0,0,0
2024-06-26,110,0,52,10,0,0,0,0,0,0,59,84,0,58,0,4,62,0,0,0,110,53,23,38,6,0,0,80,58,0,33,13,73,1,60,101,21,22,26,18,8,172,86,115,34,22,19,0,0,0,0,0,0,0,0,0,0,0,0,0,0,0,0,0,0,0,0,0,0,0,0,0,0,0,0,0,0,0,0
2024-06-27,110,0,52,10,0,0,0,0,0,0,59,84,0,58,0,4,62,0,0,0,110,53,23,38,6,0,0,80,58,0,33,13,73,1,60,101,21,22,26,18,8,172,86,115,34,22,19,0,0,0,0,0,0,0,0,0,0,0,0,0,0,0,0,0,0,0,0,0,0,0,0,0,0,0,0,0,0,0,0
2024-06-28,110,0,52,10,0,0,0,0,0,0,59,84,0,58,0,4,62,0,0,0,110,53,23,38,6,0,0,80,58,0,33,13,73,1,60,101,21,22,26,18,8,172,86,115,34,22,19,0,0,0,0,0,0,0,0,0,0,0,0,0,0,0,0,0,0,0,0,0,0,0,0,0,0,0,0,0,0,0,0
2024-07-01,110,0,52,0,0,0,0,0,0,0,59,84,0,58,0,4,62,0,0,17,110,0,23,38,6,0,0,80,58,0,33,13,0,0,60,101,0,22,0,18,0,172,0,115,34,22,19,45,18,2,46,75,0,0,0,0,0,0,0,0,0,0,0,0,0,0,0,0,0,0,0,0,0,0,0,0,0,0,0
2024-07-02,110,0,52,0,0,0,0,0,0,0,59,84,0,58,0,4,62,0,0,17,110,0,23,38,6,0,0,80,58,0,33,13,0,0,60,101,0,22,0,18,0,172,0,115,34,22,19,45,18,2,46,75,0,0,0,0,0,0,0,0,0,0,0,0,0,0,0,0,0,0,0,0,0,0,0,0,0,0,0
2024-07-03,110,0,52,0,0,0,0,0,0,0,59,84,0,58,0,4,62,0,0,17,110,0,23,38,6,0,0,80,58,0,33,13,0,0,60,101,0,22,0,18,0,172,0,115,34,22,19,45,18,2,46,75,0,0,0,0,0,0,0,0,0,0,0,0,0,0,0,0,0,0,0,0,0,0,0,0,0,0,0
2024-07-05,110,0,52,0,0,0,0,0,0,0,59,84,0,58,0,4,62,0,0,17,110,0,23,38,6,0,0,80,58,0,33,13,0,0,60,101,0,22,0,18,0,172,0,115,34,22,19,45,18,2,46,75,0,0,0,0,0,0,0,0,0,0,0,0,0,0,0,0,0,0,0,0,0,0,0,0,0,0,0
2024-07-08,110,0,52,0,0,0,0,0,0,0,59,84,0,58,0,4,62,0,0,17,110,0,23,38,6,0,0,80,58,0,33,13,0,0,60,101,0,22,0,18,0,172,0,115,34,22,19,45,18,2,46,75,0,0,0,0,0,0,0,0,0,0,0,0,0,0,0,0,0,0,0,0,0,0,0,0,0,0,0
2024-07-09,110,0,52,0,0,0,0,0,0,0,59,84,0,58,0,4,62,0,0,17,110,0,23,38,6,0,0,80,58,0,33,13,0,0,60,101,0,22,0,18,0,172,0,115,34,22,19,45,18,2,46,75,0,0,0,0,0,0,0,0,0,0,0,0,0,0,0,0,0,0,0,0,0,0,0,0,0,0,0
2024-07-10,110,0,52,0,0,0,0,0,0,0,59,84,0,58,0,4,62,0,0,17,110,0,23,38,6,0,0,80,58,0,33,13,0,0,60,101,0,22,0,18,0,172,0,115,34,22,19,45,18,2,46,75,0,0,0,0,0,0,0,0,0,0,0,0,0,0,0,0,0,0,0,0,0,0,0,0,0,0,0
2024-07-11,110,0,52,0,0,0,0,0,0,0,59,84,0,58,0,4,62,0,0,17,110,0,23,38,6,0,0,80,58,0,33,13,0,0,60,101,0,22,0,18,0,172,0,115,34,22,19,45,18,2,46,75,0,0,0,0,0,0,0,0,0,0,0,0,0,0,0,0,0,0,0,0,0,0,0,0,0,0,0
2024-07-12,110,0,52,0,0,0,0,0,0,0,59,84,0,58,0,4,62,0,0,17,110,0,23,38,6,0,0,80,58,0,33,13,0,0,60,101,0,22,0,18,0,172,0,115,34,22,19,45,18,2,46,75,0,0,0,0,0,0,0,0,0,0,0,0,0,0,0,0,0,0,0,0,0,0,0,0,0,0,0
2024-07-15,110,0,52,0,0,0,0,0,0,0,59,84,0,58,0,4,62,0,0,17,110,0,23,38,6,0,0,80,58,0,33,13,0,0,60,101,0,22,0,18,0,172,0,115,34,22,19,45,18,2,46,75,0,0,0,0,0,0,0,0,0,0,0,0,0,0,0,0,0,0,0,0,0,0,0,0,0,0,0
2024-07-16,110,0,52,0,0,0,0,0,0,0,59,84,0,58,0,4,62,0,0,17,110,0,23,38,6,0,0,80,58,0,33,13,0,0,60,101,0,22,0,18,0,172,0,115,34,22,19,45,18,2,46,75,0,0,0,0,0,0,0,0,0,0,0,0,0,0,0,0,0,0,0,0,0,0,0,0,0,0,0
2024-07-17,110,0,52,0,0,0,0,0,0,0,59,84,0,58,0,4,62,0,0,17,110,0,23,38,6,0,0,80,58,0,33,13,0,0,60,101,0,22,0,18,0,172,0,115,34,22,19,45,18,2,46,75,0,0,0,0,0,0,0,0,0,0,0,0,0,0,0,0,0,0,0,0,0,0,0,0,0,0,0
2024-07-18,110,0,52,0,0,0,0,0,0,0,59,84,0,58,0,4,62,0,0,17,110,0,23,38,6,0,0,80,58,0,33,13,0,0,60,101,0,22,0,18,0,172,0,115,34,22,19,45,18,2,46,75,0,0,0,0,0,0,0,0,0,0,0,0,0,0,0,0,0,0,0,0,0,0,0,0,0,0,0
2024-07-19,110,0,52,0,0,0,0,0,0,0,59,84,0,58,0,4,62,0,0,17,110,0,23,38,6,0,0,80,58,0,33,13,0,0,60,101,0,22,0,18,0,172,0,115,34,22,19,45,18,2,46,75,0,0,0,0,0,0,0,0,0,0,0,0,0,0,0,0,0,0,0,0,0,0,0,0,0,0,0
2024-07-22,110,0,52,0,0,0,0,0,0,0,59,84,0,58,0,4,62,0,0,17,110,0,23,38,6,0,0,80,58,0,33,13,0,0,60,101,0,22,0,18,0,172,0,115,34,22,19,45,18,2,46,75,0,0,0,0,0,0,0,0,0,0,0,0,0,0,0,0,0,0,0,0,0,0,0,0,0,0,0
2024-07-23,110,0,52,0,0,0,0,0,0,0,59,84,0,58,0,4,62,0,0,17,110,0,23,38,6,0,0,80,58,0,33,13,0,0,60,101,0,22,0,18,0,172,0,115,34,22,19,45,18,2,46,75,0,0,0,0,0,0,0,0,0,0,0,0,0,0,0,0,0,0,0,0,0,0,0,0,0,0,0
2024-07-24,110,0,52,0,0,0,0,0,0,0,59,84,0,58,0,4,62,0,0,17,110,0,23,38,6,0,0,80,58,0,33,13,0,0,60,101,0,22,0,18,0,172,0,115,34,22,19,45,18,2,46,75,0,0,0,0,0,0,0,0,0,0,0,0,0,0,0,0,0,0,0,0,0,0,0,0,0,0,0
2024-07-25,110,0,52,0,0,0,0,0,0,0,59,84,0,58,0,4,62,0,0,17,110,0,23,38,6,0,0,80,58,0,33,13,0,0,60,101,0,22,0,18,0,172,0,115,34,22,19,45,18,2,46,75,0,0,0,0,0,0,0,0,0,0,0,0,0,0,0,0,0,0,0,0,0,0,0,0,0,0,0
2024-07-26,110,0,52,0,0,0,0,0,0,0,59,84,0,58,0,4,62,0,0,17,110,0,23,38,6,0,0,80,58,0,33,13,0,0,60,101,0,22,0,18,0,172,0,115,34,22,19,45,18,2,46,75,0,0,0,0,0,0,0,0,0,0,0,0,0,0,0,0,0,0,0,0,0,0,0,0,0,0,0
2024-07-29,110,0,52,0,0,0,0,0,0,0,59,84,0,58,0,4,62,0,0,17,110,0,23,38,6,0,0,80,58,0,33,13,0,0,60,101,0,22,0,18,0,172,0,115,34,22,19,45,18,2,46,75,0,0,0,0,0,0,0,0,0,0,0,0,0,0,0,0,0,0,0,0,0,0,0,0,0,0,0
2024-07-30,110,0,52,0,0,0,0,0,0,0,59,84,0,58,0,4,62,0,0,17,110,0,23,38,6,0,0,80,58,0,33,13,0,0,60,101,0,22,0,18,0,172,0,115,34,22,19,45,18,2,46,75,0,0,0,0,0,0,0,0,0,0,0,0,0,0,0,0,0,0,0,0,0,0,0,0,0,0,0
2024-07-31,110,0,52,0,0,0,0,0,0,0,59,84,0,58,0,4,62,0,0,17,110,0,23,38,6,0,0,80,58,0,33,13,0,0,60,101,0,22,0,18,0,172,0,115,34,22,19,45,18,2,46,75,0,0,0,0,0,0,0,0,0,0,0,0,0,0,0,0,0,0,0,0,0,0,0,0,0,0,0
2024-08-01,110,0,52,0,0,0,0,0,0,0,59,84,0,58,0,4,62,0,0,17,110,0,23,38,6,0,0,80,58,0,33,13,0,0,60,101,0,22,0,18,0,172,0,115,34,22,19,45,18,2,46,75,0,0,0,0,0,0,0,0,0,0,0,0,0,0,0,0,0,0,0,0,0,0,0,0,0,0,0
2024-08-02,110,0,52,0,0,0,0,0,0,0,59,84,0,58,0,4,62,0,0,17,110,0,23,38,6,0,0,80,58,0,33,13,0,0,60,101,0,22,0,18,0,172,0,115,34,22,19,45,18,2,46,75,0,0,0,0,0,0,0,0,0,0,0,0,0,0,0,0,0,0,0,0,0,0,0,0,0,0,0
2024-08-05,110,0,52,0,0,0,0,0,0,0,59,84,0,58,0,4,62,0,0,17,110,0,23,38,6,0,0,80,58,0,33,13,0,0,60,101,0,22,0,18,0,172,0,115,34,22,19,45,18,2,46,75,0,0,0,0,0,0,0,0,0,0,0,0,0,0,0,0,0,0,0,0,0,0,0,0,0,0,0
2024-08-06,110,0,52,0,0,0,0,0,0,0,59,84,0,58,0,4,62,0,0,17,110,0,23,38,6,0,0,80,58,0,33,13,0,0,60,101,0,22,0,18,0,172,0,115,34,22,19,45,18,2,46,75,0,0,0,0,0,0,0,0,0,0,0,0,0,0,0,0,0,0,0,0,0,0,0,0,0,0,0
2024-08-07,110,0,52,0,0,0,0,0,0,0,59,84,0,58,0,4,62,0,0,17,110,0,23,38,6,0,0,80,58,0,33,13,0,0,60,101,0,22,0,18,0,172,0,115,34,22,19,45,18,2,46,75,0,0,0,0,0,0,0,0,0,0,0,0,0,0,0,0,0,0,0,0,0,0,0,0,0,0,0
2024-08-08,110,0,52,0,0,0,0,0,0,0,59,84,0,58,0,4,62,0,0,17,110,0,23,38,6,0,0,80,58,0,33,13,0,0,60,101,0,22,0,18,0,172,0,115,34,22,19,45,18,2,46,75,0,0,0,0,0,0,0,0,0,0,0,0,0,0,0,0,0,0,0,0,0,0,0,0,0,0,0
2024-08-09,110,0,52,0,0,0,0,0,0,0,59,84,0,58,0,4,62,0,0,17,110,0,23,38,6,0,0,80,58,0,33,13,0,0,60,101,0,22,0,18,0,172,0,115,34,22,19,45,18,2,46,75,0,0,0,0,0,0,0,0,0,0,0,0,0,0,0,0,0,0,0,0,0,0,0,0,0,0,0
2024-08-12,110,0,52,0,0,0,0,0,0,0,59,84,0,58,0,4,62,0,0,17,110,0,23,38,6,0,0,80,58,0,33,13,0,0,60,101,0,22,0,18,0,172,0,115,34,22,19,45,18,2,46,75,0,0,0,0,0,0,0,0,0,0,0,0,0,0,0,0,0,0,0,0,0,0,0,0,0,0,0
2024-08-13,110,0,52,0,0,0,0,0,0,0,59,84,0,58,0,4,62,0,0,17,110,0,23,38,6,0,0,80,58,0,33,13,0,0,60,101,0,22,0,18,0,172,0,115,34,22,19,45,18,2,46,75,0,0,0,0,0,0,0,0,0,0,0,0,0,0,0,0,0,0,0,0,0,0,0,0,0,0,0
2024-08-14,110,0,52,0,0,0,0,0,0,0,59,84,0,58,0,4,62,0,0,17,110,0,23,38,6,0,0,80,58,0,33,13,0,0,60,101,0,22,0,18,0,172,0,115,34,22,19,45,18,2,46,75,0,0,0,0,0,0,0,0,0,0,0,0,0,0,0,0,0,0,0,0,0,0,0,0,0,0,0
2024-08-15,110,0,52,0,0,0,0,0,0,0,59,84,0,58,0,4,62,0,0,17,110,0,23,38,6,0,0,80,58,0,33,13,0,0,60,101,0,22,0,18,0,172,0,115,34,22,19,45,18,2,46,75,0,0,0,0,0,0,0,0,0,0,0,0,0,0,0,0,0,0,0,0,0,0,0,0,0,0,0
2024-08-16,110,0,52,0,0,0,0,0,0,0,59,84,0,58,0,4,62,0,0,17,110,0,23,38,6,0,0,80,58,0,33,13,0,0,60,101,0,22,0,18,0,172,0,115,34,22,19,45,18,2,46,75,0,0,0,0,0,0,0,0,0,0,0,0,0,0,0,0,0,0,0,0,0,0,0,0,0,0,0
2024-08-19,110,0,52,0,0,0,0,0,0,0,59,84,0,58,0,4,62,0,0,17,110,0,23,38,6,0,0,80,58,0,33,13,0,0,60,101,0,22,0,18,0,172,0,115,34,22,19,45,18,2,46,75,0,0,0,0,0,0,0,0,0,0,0,0,0,0,0,0,0,0,0,0,0,0,0,0,0,0,0
2024-08-20,110,0,52,0,0,0,0,0,0,0,59,84,0,58,0,4,62,0,0,17,110,0,23,38,6,0,0,80,58,0,33,13,0,0,60,101,0,22,0,18,0,172,0,115,34,22,19,45,18,2,46,75,0,0,0,0,0,0,0,0,0,0,0,0,0,0,0,0,0,0,0,0,0,0,0,0,0,0,0
2024-08-21,110,0,52,0,0,0,0,0,0,0,59,84,0,58,0,4,62,0,0,17,110,0,23,38,6,0,0,80,58,0,33,13,0,0,60,101,0,22,0,18,0,172,0,115,34,22,19,45,18,2,46,75,0,0,0,0,0,0,0,0,0,0,0,0,0,0,0,0,0,0,0,0,0,0,0,0,0,0,0
2024-08-22,110,0,52,0,0,0,0,0,0,0,59,84,0,58,0,4,62,0,0,17,110,0,23,38,6,0,0,80,58,0,33,13,0,0,60,101,0,22,0,18,0,172,0,115,34,22,19,45,18,2,46,75,0,0,0,0,0,0,0,0,0,0,0,0,0,0,0,0,0,0,0,0,0,0,0,0,0,0,0
2024-08-23,110,0,52,0,0,0,0,0,0,0,59,84,0,58,0,4,62,0,0,17,110,0,23,38,6,0,0,80,58,0,33,13,0,0,60,101,0,22,0,18,0,172,0,115,34,22,19,45,18,2,46,75,0,0,0,0,0,0,0,0,0,0,0,0,0,0,0,0,0,0,0,0,0,0,0,0,0,0,0
2024-08-26,110,0,52,0,0,0,0,0,0,0,59,84,0,58,0,4,62,0,0,17,110,0,23,38,6,0,0,80,58,0,33,13,0,0,60,101,0,22,0,18,0,172,0,115,34,22,19,45,18,2,46,75,0,0,0,0,0,0,0,0,0,0,0,0,0,0,0,0,0,0,0,0,0,0,0,0,0,0,0
2024-08-27,110,0,52,0,0,0,0,0,0,0,59,84,0,58,0,4,62,0,0,17,110,0,23,38,6,0,0,80,58,0,33,13,0,0,60,101,0,22,0,18,0,172,0,115,34,22,19,45,18,2,46,75,0,0,0,0,0,0,0,0,0,0,0,0,0,0,0,0,0,0,0,0,0,0,0,0,0,0,0
2024-08-28,110,0,52,0,0,0,0,0,0,0,59,84,0,58,0,4,62,0,0,17,110,0,23,38,6,0,0,80,58,0,33,13,0,0,60,101,0,22,0,18,0,172,0,115,34,22,19,45,18,2,46,75,0,0,0,0,0,0,0,0,0,0,0,0,0,0,0,0,0,0,0,0,0,0,0,0,0,0,0
2024-08-29,110,0,52,0,0,0,0,0,0,0,59,84,0,58,0,4,62,0,0,17,110,0,23,38,6,0,0,80,58,0,33,13,0,0,60,101,0,22,0,18,0,172,0,115,34,22,19,45,18,2,46,75,0,0,0,0,0,0,0,0,0,0,0,0,0,0,0,0,0,0,0,0,0,0,0,0,0,0,0
2024-08-30,110,0,52,0,0,0,0,0,0,0,59,84,0,58,0,4,62,0,0,17,110,0,23,38,6,0,0,80,58,0,33,13,0,0,60,101,0,22,0,18,0,172,0,115,34,22,19,45,18,2,46,75,0,0,0,0,0,0,0,0,0,0,0,0,0,0,0,0,0,0,0,0,0,0,0,0,0,0,0
2024-09-03,110,0,52,0,0,0,0,0,0,0,59,84,0,58,0,4,62,0,0,17,110,0,23,38,6,0,0,80,58,0,33,13,0,0,60,101,0,22,0,18,0,172,0,115,34,22,19,45,18,2,46,75,0,0,0,0,0,0,0,0,0,0,0,0,0,0,0,0,0,0,0,0,0,0,0,0,0,0,0
2024-09-04,110,0,52,0,0,0,0,0,0,0,59,84,0,58,0,4,62,0,0,17,110,0,23,38,6,0,0,80,58,0,33,13,0,0,60,101,0,22,0,18,0,172,0,115,34,22,19,45,18,2,46,75,0,0,0,0,0,0,0,0,0,0,0,0,0,0,0,0,0,0,0,0,0,0,0,0,0,0,0
2024-09-05,110,0,52,0,0,0,0,0,0,0,59,84,0,58,0,4,62,0,0,17,110,0,23,38,6,0,0,80,58,0,33,13,0,0,60,101,0,22,0,18,0,172,0,115,34,22,19,45,18,2,46,75,0,0,0,0,0,0,0,0,0,0,0,0,0,0,0,0,0,0,0,0,0,0,0,0,0,0,0
2024-09-06,110,0,52,0,0,0,0,0,0,0,59,84,0,58,0,4,62,0,0,17,110,0,23,38,6,0,0,80,58,0,33,13,0,0,60,101,0,22,0,18,0,172,0,115,34,22,19,45,18,2,46,75,0,0,0,0,0,0,0,0,0,0,0,0,0,0,0,0,0,0,0,0,0,0,0,0,0,0,0
2024-09-09,110,0,52,0,0,0,0,0,0,0,59,84,0,58,0,4,62,0,0,17,110,0,23,38,6,0,0,80,58,0,33,13,0,0,60,101,0,22,0,18,0,172,0,115,34,22,19,45,18,2,46,75,0,0,0,0,0,0,0,0,0,0,0,0,0,0,0,0,0,0,0,0,0,0,0,0,0,0,0
2024-09-10,110,0,52,0,0,0,0,0,0,0,59,84,0,58,0,4,62,0,0,17,110,0,23,38,6,0,0,80,58,0,33,13,0,0,60,101,0,22,0,18,0,172,0,115,34,22,19,45,18,2,46,75,0,0,0,0,0,0,0,0,0,0,0,0,0,0,0,0,0,0,0,0,0,0,0,0,0,0,0
2024-09-11,110,0,52,0,0,0,0,0,0,0,59,84,0,58,0,4,62,0,0,17,110,0,23,38,6,0,0,80,58,0,33,13,0,0,60,101,0,22,0,18,0,172,0,115,34,22,19,45,18,2,46,75,0,0,0,0,0,0,0,0,0,0,0,0,0,0,0,0,0,0,0,0,0,0,0,0,0,0,0
2024-09-12,110,0,52,0,0,0,0,0,0,0,59,84,0,58,0,4,62,0,0,17,110,0,23,38,6,0,0,80,58,0,33,13,0,0,60,101,0,22,0,18,0,172,0,115,34,22,19,45,18,2,46,75,0,0,0,0,0,0,0,0,0,0,0,0,0,0,0,0,0,0,0,0,0,0,0,0,0,0,0
2024-09-13,110,0,52,0,0,0,0,0,0,0,59,84,0,58,0,4,62,0,0,17,110,0,23,38,6,0,0,80,58,0,33,13,0,0,60,101,0,22,0,18,0,172,0,115,34,22,19,45,18,2,46,75,0,0,0,0,0,0,0,0,0,0,0,0,0,0,0,0,0,0,0,0,0,0,0,0,0,0,0
2024-09-16,110,0,52,0,0,0,0,0,0,0,59,84,0,58,0,4,62,0,0,17,110,0,23,38,6,0,0,80,58,0,33,13,0,0,60,101,0,22,0,18,0,172,0,115,34,22,19,45,18,2,46,75,0,0,0,0,0,0,0,0,0,0,0,0,0,0,0,0,0,0,0,0,0,0,0,0,0,0,0
2024-09-17,110,0,52,0,0,0,0,0,0,0,59,84,0,58,0,4,62,0,0,17,110,0,23,38,6,0,0,80,58,0,33,13,0,0,60,101,0,22,0,18,0,172,0,115,34,22,19,45,18,2,46,75,0,0,0,0,0,0,0,0,0,0,0,0,0,0,0,0,0,0,0,0,0,0,0,0,0,0,0
2024-09-18,110,0,52,0,0,0,0,0,0,0,59,84,0,58,0,4,62,0,0,17,110,0,23,38,6,0,0,80,58,0,33,13,0,0,60,101,0,22,0,18,0,172,0,115,34,22,19,45,18,2,46,75,0,0,0,0,0,0,0,0,0,0,0,0,0,0,0,0,0,0,0,0,0,0,0,0,0,0,0
2024-09-19,110,0,52,0,0,0,0,0,0,0,59,84,0,58,0,4,62,0,0,17,110,0,23,38,6,0,0,80,58,0,33,13,0,0,60,101,0,22,0,18,0,172,0,115,34,22,19,45,18,2,46,75,0,0,0,0,0,0,0,0,0,0,0,0,0,0,0,0,0,0,0,0,0,0,0,0,0,0,0
2024-09-20,110,0,52,0,0,0,0,0,0,0,59,84,0,58,0,4,62,0,0,17,110,0,23,38,6,0,0,80,58,0,33,13,0,0,60,101,0,22,0,18,0,172,0,115,34,22,19,45,18,2,46,75,0,0,0,0,0,0,0,0,0,0,0,0,0,0,0,0,0,0,0,0,0,0,0,0,0,0,0
2024-09-23,110,0,52,0,0,0,0,0,0,0,59,84,0,58,0,4,62,0,0,17,110,0,23,38,6,0,0,80,58,0,33,13,0,0,60,101,0,22,0,18,0,172,0,115,34,22,19,45,18,2,46,75,0,0,0,0,0,0,0,0,0,0,0,0,0,0,0,0,0,0,0,0,0,0,0,0,0,0,0
2024-09-24,110,0,52,0,0,0,0,0,0,0,59,84,0,58,0,4,62,0,0,17,110,0,23,38,6,0,0,80,58,0,33,13,0,0,60,101,0,22,0,18,0,172,0,115,34,22,19,45,18,2,46,75,0,0,0,0,0,0,0,0,0,0,0,0,0,0,0,0,0,0,0,0,0,0,0,0,0,0,0
2024-09-25,110,0,52,0,0,0,0,0,0,0,59,84,0,58,0,4,62,0,0,17,110,0,23,38,6,0,0,80,58,0,33,13,0,0,60,101,0,22,0,18,0,172,0,115,34,22,19,45,18,2,46,75,0,0,0,0,0,0,0,0,0,0,0,0,0,0,0,0,0,0,0,0,0,0,0,0,0,0,0
2024-09-26,110,0,52,0,0,0,0,0,0,0,59,84,0,58,0,4,62,0,0,17,110,0,23,38,6,0,0,80,58,0,33,13,0,0,60,101,0,22,0,18,0,172,0,115,34,22,19,45,18,2,46,75,0,0,0,0,0,0,0,0,0,0,0,0,0,0,0,0,0,0,0,0,0,0,0,0,0,0,0
2024-09-27,110,0,52,0,0,0,0,0,0,0,59,84,0,58,0,4,62,0,0,17,110,0,23,38,6,0,0,80,58,0,33,13,0,0,60,101,0,22,0,18,0,172,0,115,34,22,19,45,18,2,46,75,0,0,0,0,0,0,0,0,0,0,0,0,0,0,0,0,0,0,0,0,0,0,0,0,0,0,0
2024-09-30,110,0,52,0,0,0,0,0,0,0,59,84,0,58,0,4,62,0,0,17,110,0,23,38,6,0,0,80,58,0,33,13,0,0,60,101,0,22,0,18,0,172,0,115,34,22,19,45,18,2,46,75,0,0,0,0,0,0,0,0,0,0,0,0,0,0,0,0,0,0,0,0,0,0,0,0,0,0,0
2024-10-01,0,8,52,0,0,0,0,0,0,0,28,84,0,18,0,0,28,0,0,17,110,0,23,38,6,0,0,80,58,0,0,13,62,1,60,101,0,22,20,18,0,172,0,115,34,22,19,45,4,0,46,7,22,41,28,21,56,32,0,0,0,0,0,0,0,0,0,0,0,0,0,0,0,0,0,0,0,0,0
2024-10-02,0,8,52,0,0,0,0,0,0,0,28,84,0,18,0,0,28,0,0,17,110,0,23,38,6,0,0,80,58,0,0,13,62,1,60,101,0,22,20,18,0,172,0,115,34,22,19,45,4,0,46,7,22,41,28,21,56,32,0,0,0,0,0,0,0,0,0,0,0,0,0,0,0,0,0,0,0,0,0
2024-10-03,0,8,52,0,0,0,0,0,0,0,28,84,0,18,0,0,28,0,0,17,110,0,23,38,6,0,0,80,58,0,0,13,62,1,60,101,0,22,20,18,0,172,0,115,34,22,19,45,4,0,46,7,22,41,28,21,56,32,0,0,0,0,0,0,0,0,0,0,0,0,0,0,0,0,0,0,0,0,0
2024-10-04,0,8,52,0,0,0,0,0,0,0,28,84,0,18,0,0,28,0,0,17,110,0,23,38,6,0,0,80,58,0,0,13,62,1,60,101,0,22,20,18,0,172,0,115,34,22,19,45,4,0,46,7,22,41,28,21,56,32,0,0,0,0,0,0,0,0,0,0,0,0,0,0,0,0,0,0,0,0,0
2024-10-07,0,8,52,0,0,0,0,0,0,0,28,84,0,18,0,0,28,0,0,17,110,0,23,38,6,0,0,80,58,0,0,13,62,1,60,101,0,22,20,18,0,172,0,115,34,22,19,45,4,0,46,7,22,41,28,21,56,32,0,0,0,0,0,0,0,0,0,0,0,0,0,0,0,0,0,0,0,0,0
2024-10-08,0,8,52,0,0,0,0,0,0,0,28,84,0,18,0,0,28,0,0,17,110,0,23,38,6,0,0,80,58,0,0,13,62,1,60,101,0,22,20,18,0,172,0,115,34,22,19,45,4,0,46,7,22,41,28,21,56,32,0,0,0,0,0,0,0,0,0,0,0,0,0,0,0,0,0,0,0,0,0
2024-10-09,0,8,52,0,0,0,0,0,0,0,28,84,0,18,0,0,28,0,0,17,110,0,23,38,6,0,0,80,58,0,0,13,62,1,60,101,0,22,20,18,0,172,0,115,34,22,19,45,4,0,46,7,22,41,28,21,56,32,0,0,0,0,0,0,0,0,0,0,0,0,0,0,0,0,0,0,0,0,0
2024-10-10,0,8,52,0,0,0,0,0,0,0,28,84,0,18,0,0,28,0,0,17,110,0,23,38,6,0,0,80,58,0,0,13,62,1,60,101,0,22,20,18,0,172,0,115,34,22,19,45,4,0,46,7,22,41,28,21,56,32,0,0,0,0,0,0,0,0,0,0,0,0,0,0,0,0,0,0,0,0,0
2024-10-11,0,8,52,0,0,0,0,0,0,0,28,84,0,18,0,0,28,0,0,17,110,0,23,38,6,0,0,80,58,0,0,13,62,1,60,101,0,22,20,18,0,172,0,115,34,22,19,45,4,0,46,7,22,41,28,21,56,32,0,0,0,0,0,0,0,0,0,0,0,0,0,0,0,0,0,0,0,0,0
2024-10-14,0,8,52,0,0,0,0,0,0,0,28,84,0,18,0,0,28,0,0,17,110,0,23,38,6,0,0,80,58,0,0,13,62,1,60,101,0,22,20,18,0,172,0,115,34,22,19,45,4,0,46,7,22,41,28,21,56,32,0,0,0,0,0,0,0,0,0,0,0,0,0,0,0,0,0,0,0,0,0
2024-10-15,0,8,52,0,0,0,0,0,0,0,28,84,0,18,0,0,28,0,0,17,110,0,23,38,6,0,0,80,58,0,0,13,62,1,60,101,0,22,20,18,0,172,0,115,34,22,19,45,4,0,46,7,22,41,28,21,56,32,0,0,0,0,0,0,0,0,0,0,0,0,0,0,0,0,0,0,0,0,0
2024-10-16,0,8,52,0,0,0,0,0,0,0,28,84,0,18,0,0,28,0,0,17,110,0,23,38,6,0,0,80,58,0,0,13,62,1,60,101,0,22,20,18,0,172,0,115,34,22,19,45,4,0,46,7,22,41,28,21,56,32,0,0,0,0,0,0,0,0,0,0,0,0,0,0,0,0,0,0,0,0,0
2024-10-17,0,8,52,0,0,0,0,0,0,0,28,84,0,18,0,0,28,0,0,17,110,0,23,38,6,0,0,80,58,0,0,13,62,1,60,101,0,22,20,18,0,172,0,115,34,22,19,45,4,0,46,7,22,41,28,21,56,32,0,0,0,0,0,0,0,0,0,0,0,0,0,0,0,0,0,0,0,0,0
2024-10-18,0,8,52,0,0,0,0,0,0,0,28,84,0,18,0,0,28,0,0,17,110,0,23,38,6,0,0,80,58,0,0,13,62,1,60,101,0,22,20,18,0,172,0,115,34,22,19,45,4,0,46,7,22,41,28,21,56,32,0,0,0,0,0,0,0,0,0,0,0,0,0,0,0,0,0,0,0,0,0
2024-10-21,0,8,52,0,0,0,0,0,0,0,28,84,0,18,0,0,28,0,0,17,110,0,23,38,6,0,0,80,58,0,0,13,62,1,60,101,0,22,20,18,0,172,0,115,34,22,19,45,4,0,46,7,22,41,28,21,56,32,0,0,0,0,0,0,0,0,0,0,0,0,0,0,0,0,0,0,0,0,0
2024-10-22,0,8,52,0,0,0,0,0,0,0,28,84,0,18,0,0,28,0,0,17,110,0,23,38,6,0,0,80,58,0,0,13,62,1,60,101,0,22,20,18,0,172,0,115,34,22,19,45,4,0,46,7,22,41,28,21,56,32,0,0,0,0,0,0,0,0,0,0,0,0,0,0,0,0,0,0,0,0,0
2024-10-23,0,8,52,0,0,0,0,0,0,0,28,84,0,18,0,0,28,0,0,17,110,0,23,38,6,0,0,80,58,0,0,13,62,1,60,101,0,22,20,18,0,172,0,115,34,22,19,45,4,0,46,7,22,41,28,21,56,32,0,0,0,0,0,0,0,0,0,0,0,0,0,0,0,0,0,0,0,0,0
2024-10-24,0,8,52,0,0,0,0,0,0,0,28,84,0,18,0,0,28,0,0,17,110,0,23,38,6,0,0,80,58,0,0,13,62,1,60,101,0,22,20,18,0,172,0,115,34,22,19,45,4,0,46,7,22,41,28,21,56,32,0,0,0,0,0,0,0,0,0,0,0,0,0,0,0,0,0,0,0,0,0
2024-10-25,0,8,52,0,0,0,0,0,0,0,28,84,0,18,0,0,28,0,0,17,110,0,23,38,6,0,0,80,58,0,0,13,62,1,60,101,0,22,20,18,0,172,0,115,34,22,19,45,4,0,46,7,22,41,28,21,56,32,0,0,0,0,0,0,0,0,0,0,0,0,0,0,0,0,0,0,0,0,0
2024-10-28,0,8,52,0,0,0,0,0,0,0,28,84,0,18,0,0,28,0,0,17,110,0,23,38,6,0,0,80,58,0,0,13,62,1,60,101,0,22,20,18,0,172,0,115,34,22,19,45,4,0,46,7,22,41,28,21,56,32,0,0,0,0,0,0,0,0,0,0,0,0,0,0,0,0,0,0,0,0,0
2024-10-29,0,8,52,0,0,0,0,0,0,0,28,84,0,18,0,0,28,0,0,17,110,0,23,38,6,0,0,80,58,0,0,13,62,1,60,101,0,22,20,18,0,172,0,115,34,22,19,45,4,0,46,7,22,41,28,21,56,32,0,0,0,0,0,0,0,0,0,0,0,0,0,0,0,0,0,0,0,0,0
2024-10-30,0,8,52,0,0,0,0,0,0,0,28,84,0,18,0,0,28,0,0,17,110,0,23,38,6,0,0,80,58,0,0,13,62,1,60,101,0,22,20,18,0,172,0,115,34,22,19,45,4,0,46,7,22,41,28,21,56,32,0,0,0,0,0,0,0,0,0,0,0,0,0,0,0,0,0,0,0,0,0
2024-10-31,0,8,52,0,0,0,0,0,0,0,28,84,0,18,0,0,28,0,0,17,110,0,23,38,6,0,0,80,58,0,0,13,62,1,60,101,0,22,20,18,0,172,0,115,34,22,19,45,4,0,46,7,22,41,28,21,56,32,0,0,0,0,0,0,0,0,0,0,0,0,0,0,0,0,0,0,0,0,0
2024-11-01,0,8,52,0,0,0,0,0,0,0,28,84,0,18,0,0,28,0,0,17,110,0,23,38,6,0,0,80,58,0,0,13,62,1,60,101,0,22,20,18,0,172,0,115,34,22,19,45,4,0,46,7,22,41,28,21,56,32,0,0,0,0,0,0,0,0,0,0,0,0,0,0,0,0,0,0,0,0,0
2024-11-04,0,8,52,0,0,0,0,0,0,0,28,84,0,18,0,0,28,0,0,17,110,0,23,38,6,0,0,80,58,0,0,13,62,1,60,101,0,22,20,18,0,172,0,115,34,22,19,45,4,0,46,7,22,41,28,21,56,32,0,0,0,0,0,0,0,0,0,0,0,0,0,0,0,0,0,0,0,0,0
2024-11-05,0,8,52,0,0,0,0,0,0,0,28,84,0,18,0,0,28,0,0,17,110,0,23,38,6,0,0,80,58,0,0,13,62,1,60,101,0,22,20,18,0,172,0,115,34,22,19,45,4,0,46,7,22,41,28,21,56,32,0,0,0,0,0,0,0,0,0,0,0,0,0,0,0,0,0,0,0,0,0
2024-11-06,0,8,52,0,0,0,0,0,0,0,28,84,0,18,0,0,28,0,0,17,110,0,23,38,6,0,0,80,58,0,0,13,62,1,60,101,0,22,20,18,0,172,0,115,34,22,19,45,4,0,46,7,22,41,28,21,56,32,0,0,0,0,0,0,0,0,0,0,0,0,0,0,0,0,0,0,0,0,0
2024-11-07,0,8,52,0,0,0,0,0,0,0,28,84,0,18,0,0,28,0,0,17,110,0,23,38,6,0,0,80,58,0,0,13,62,1,60,101,0,22,20,18,0,172,0,115,34,22,19,45,4,0,46,7,22,41,28,21,56,32,0,0,0,0,0,0,0,0,0,0,0,0,0,0,0,0,0,0,0,0,0
2024-11-08,0,8,52,0,0,0,0,0,0,0,28,84,0,18,0,0,28,0,0,17,110,0,23,38,6,0,0,80,58,0,0,13,62,1,60,101,0,22,20,18,0,172,0,115,34,22,19,45,4,0,46,7,22,41,28,21,56,32,0,0,0,0,0,0,0,0,0,0,0,0,0,0,0,0,0,0,0,0,0
2024-11-11,0,8,52,0,0,0,0,0,0,0,28,84,0,18,0,0,28,0,0,17,110,0,23,38,6,0,0,80,58,0,0,13,62,1,60,101,0,22,20,18,0,172,0,115,34,22,19,45,4,0,46,7,22,41,28,21,56,32,0,0,0,0,0,0,0,0,0,0,0,0,0,0,0,0,0,0,0,0,0
2024-11-12,0,8,52,0,0,0,0,0,0,0,28,84,0,18,0,0,28,0,0,17,110,0,23,38,6,0,0,80,58,0,0,13,62,1,60,101,0,22,20,18,0,172,0,115,34,22,19,45,4,0,46,7,22,41,28,21,56,32,0,0,0,0,0,0,0,0,0,0,0,0,0,0,0,0,0,0,0,0,0
2024-11-13,0,8,52,0,0,0,0,0,0,0,28,84,0,18,0,0,28,0,0,17,110,0,23,38,6,0,0,80,58,0,0,13,62,1,60,101,0,22,20,18,0,172,0,115,34,22,19,45,4,0,46,7,22,41,28,21,56,32,0,0,0,0,0,0,0,0,0,0,0,0,0,0,0,0,0,0,0,0,0
2024-11-14,0,8,52,0,0,0,0,0,0,0,28,84,0,18,0,0,28,0,0,17,110,0,23,38,6,0,0,80,58,0,0,13,62,1,60,101,0,22,20,18,0,172,0,115,34,22,19,45,4,0,46,7,22,41,28,21,56,32,0,0,0,0,0,0,0,0,0,0,0,0,0,0,0,0,0,0,0,0,0
2024-11-15,0,8,52,0,0,0,0,0,0,0,28,84,0,18,0,0,28,0,0,17,110,0,23,38,6,0,0,80,58,0,0,13,62,1,60,101,0,22,20,18,0,172,0,115,34,22,19,45,4,0,46,7,22,41,28,21,56,32,0,0,0,0,0,0,0,0,0,0,0,0,0,0,0,0,0,0,0,0,0
2024-11-18,0,8,52,0,0,0,0,0,0,0,28,84,0,18,0,0,28,0,0,17,110,0,23,38,6,0,0,80,58,0,0,13,62,1,60,101,0,22,20,18,0,172,0,115,34,22,19,45,4,0,46,7,22,41,28,21,56,32,0,0,0,0,0,0,0,0,0,0,0,0,0,0,0,0,0,0,0,0,0
2024-11-19,0,8,52,0,0,0,0,0,0,0,28,84,0,18,0,0,28,0,0,17,110,0,23,38,6,0,0,80,58,0,0,13,62,1,60,101,0,22,20,18,0,172,0,115,34,22,19,45,4,0,46,7,22,41,28,21,56,32,0,0,0,0,0,0,0,0,0,0,0,0,0,0,0,0,0,0,0,0,0
2024-11-20,0,8,52,0,0,0,0,0,0,0,28,84,0,18,0,0,28,0,0,17,110,0,23,38,6,0,0,80,58,0,0,13,62,1,60,101,0,22,20,18,0,172,0,115,34,22,19,45,4,0,46,7,22,41,28,21,56,32,0,0,0,0,0,0,0,0,0,0,0,0,0,0,0,0,0,0,0,0,0
2024-11-21,0,8,52,0,0,0,0,0,0,0,28,84,0,18,0,0,28,0,0,17,110,0,23,38,6,0,0,80,58,0,0,13,62,1,60,101,0,22,20,18,0,172,0,115,34,22,19,45,4,0,46,7,22,41,28,21,56,32,0,0,0,0,0,0,0,0,0,0,0,0,0,0,0,0,0,0,0,0,0
2024-11-22,0,8,52,0,0,0,0,0,0,0,28,84,0,18,0,0,28,0,0,17,110,0,23,38,6,0,0,80,58,0,0,13,62,1,60,101,0,22,20,18,0,172,0,115,34,22,19,45,4,0,46,7,22,41,28,21,56,32,0,0,0,0,0,0,0,0,0,0,0,0,0,0,0,0,0,0,0,0,0
2024-11-25,0,8,52,0,0,0,0,0,0,0,28,84,0,18,0,0,28,0,0,17,110,0,23,38,6,0,0,80,58,0,0,13,62,1,60,101,0,22,20,18,0,172,0,115,34,22,19,45,4,0,46,7,22,41,28,21,56,32,0,0,0,0,0,0,0,0,0,0,0,0,0,0,0,0,0,0,0,0,0
2024-11-26,0,8,52,0,0,0,0,0,0,0,28,84,0,18,0,0,28,0,0,17,110,0,23,38,6,0,0,80,58,0,0,13,62,1,60,101,0,22,20,18,0,172,0,115,34,22,19,45,4,0,46,7,22,41,28,21,56,32,0,0,0,0,0,0,0,0,0,0,0,0,0,0,0,0,0,0,0,0,0
2024-11-27,0,8,52,0,0,0,0,0,0,0,28,84,0,18,0,0,28,0,0,17,110,0,23,38,6,0,0,80,58,0,0,13,62,1,60,101,0,22,20,18,0,172,0,115,34,22,19,45,4,0,46,7,22,41,28,21,56,32,0,0,0,0,0,0,0,0,0,0,0,0,0,0,0,0,0,0,0,0,0
2024-11-29,0,4,0,0,0,0,0,0,0,0,25,52,0,0,0,3,0,0,26,12,45,0,0,14,2,0,51,20,32,0,0,0,52,0,20,0,0,0,15,11,0,105,0,0,0,12,0,0,0,1,0,48,0,0,21,0,31,0,24,22,47,13,50,117,111,9,0,0,0,0,0,0,0,0,0,0,0,0,0
2024-12-02,0,4,0,0,0,0,0,0,0,0,25,52,0,0,0,3,0,0,26,12,45,0,0,14,2,0,51,20,32,0,0,0,52,0,20,0,0,0,15,11,0,105,0,0,0,12,0,0,0,1,0,48,0,0,21,0,31,0,24,22,47,13,50,117,111,9,0,0,0,0,0,0,0,0,0,0,0,0,0
2024-12-03,0,4,0,0,0,0,0,0,0,0,25,52,0,0,0,3,0,0,26,12,45,0,0,14,2,0,51,20,32,0,0,0,52,0,20,0,0,0,15,11,0,105,0,0,0,12,0,0,0,1,0,48,0,0,21,0,31,0,24,22,47,13,50,117,111,9,0,0,0,0,0,0,0,0,0,0,0,0,0
2024-12-04,0,8,0,0,0,0,0,0,0,0,25,52,0,0,0,3,0,20,26,12,45,0,0,0,0,0,0,20,32,0,0,0,52,0,20,0,0,0,15,11,0,105,0,0,0,12,0,0,0,1,0,48,0,0,21,0,31,0,0,0,47,13,50,117,111,9,16,12,13,0,0,0,0,0,0,0,0,0,0
2024-12-05,0,8,0,0,0,0,0,0,0,0,25,52,0,0,0,3,0,20,26,12,45,0,0,0,0,0,0,20,32,0,0,0,52,0,20,0,0,0,15,11,0,105,0,0,0,12,0,0,0,1,0,48,0,0,21,0,31,0,0,0,47,13,50,117,111,9,16,12,13,0,0,0,0,0,0,0,0,0,0
2024-12-06,0,8,0,0,0,0,0,0,0,0,25,52,0,0,0,3,0,20,26,12,45,0,0,0,0,0,0,20,32,0,0,0,52,0,20,0,0,0,15,11,0,105,0,0,0,12,0,0,0,1,0,48,0,0,21,0,31,0,0,0,47,13,50,117,111,9,16,12,13,0,0,0,0,0,0,0,0,0,0
2024-12-09,0,8,0,0,0,0,0,0,0,0,25,52,0,0,0,3,0,20,26,12,45,0,0,0,0,0,0,20,32,0,0,0,52,0,20,0,0,0,15,11,0,105,0,0,0,12,0,0,0,1,0,48,0,0,21,0,31,0,0,0,47,13,50,117,111,9,16,12,13,0,0,0,0,0,0,0,0,0,0
2024-12-10,0,8,0,0,0,0,0,0,0,0,25,52,0,0,0,3,0,20,26,12,45,0,0,0,0,0,0,20,32,0,0,0,52,0,20,0,0,0,15,11,0,105,0,0,0,12,0,0,0,1,0,48,0,0,21,0,31,0,0,0,47,13,50,117,111,9,16,12,13,0,0,0,0,0,0,0,0,0,0
2024-12-11,0,8,0,0,0,0,0,0,0,0,25,52,0,0,0,3,0,20,0,12,45,0,0,0,0,0,0,20,32,0,0,0,52,0,0,0,0,0,15,11,0,105,0,0,0,12,0,0,0,1,0,48,0,0,21,0,31,0,0,0,47,13,50,117,111,9,16,12,13,-38,-10,8,5,0,0,0,0,0,0
2024-12-12,0,8,0,0,0,0,0,0,0,0,25,52,0,0,0,3,0,20,0,12,45,0,0,0,0,0,0,20,32,0,0,0,52,0,0,0,0,0,15,11,0,105,0,0,0,12,0,0,0,1,0,48,0,0,21,0,31,0,0,0,47,13,50,117,111,9,16,12,13,-38,-10,8,5,0,0,0,0,0,0
2024-12-13,0,8,0,0,0,0,0,0,0,0,25,52,0,0,0,3,0,20,0,12,45,0,0,0,0,0,0,20,32,0,0,0,52,0,0,0,0,0,15,11,0,105,0,0,0,12,0,0,0,1,0,48,0,0,21,0,31,0,0,0,47,13,50,117,111,9,16,12,13,-38,-10,8,5,0,0,0,0,0,0
2024-12-16,0,8,0,0,0,0,0,0,0,0,25,52,0,0,0,3,0,20,0,12,45,0,0,0,0,0,0,20,32,0,0,0,52,0,0,0,0,0,15,11,0,105,0,0,0,12,0,0,0,1,0,48,0,0,21,0,31,0,0,0,47,13,50,117,111,9,16,12,13,-38,-10,8,5,0,0,0,0,0,0
2024-12-17,0,8,0,0,0,0,0,0,0,0,25,52,0,0,0,3,0,20,0,12,45,0,0,0,0,0,0,20,32,0,0,0,52,0,0,0,0,0,15,11,0,105,0,0,0,12,0,0,0,1,0,48,0,0,21,0,31,0,0,0,47,13,50,117,111,9,16,12,13,-38,-10,8,5,0,0,0,0,0,0
2024-12-18,0,8,0,0,0,0,0,0,0,0,25,52,0,0,0,3,0,20,0,12,45,0,0,0,0,0,0,20,32,0,0,0,52,0,0,0,0,0,15,11,0,105,0,0,0,12,0,0,0,1,0,48,0,0,21,0,31,0,0,0,47,13,50,117,111,9,16,12,13,-38,-10,8,5,0,0,0,0,0,0
2024-12-19,0,8,0,0,0,0,0,0,0,0,25,52,0,0,0,3,0,20,0,12,45,0,0,0,0,0,0,20,32,0,0,0,52,0,0,0,0,0,15,11,0,105,0,0,0,12,0,0,0,1,0,48,0,0,21,0,31,0,0,0,47,13,50,117,111,9,16,12,13,-38,-10,8,5,0,0,0,0,0,0
2024-12-20,0,8,0,0,0,0,0,0,0,0,25,52,0,0,0,3,0,20,0,12,45,0,0,0,0,0,0,20,32,0,0,0,52,0,0,0,0,0,15,11,0,105,0,0,0,12,0,0,0,1,0,48,0,0,21,0,31,0,0,0,47,13,50,117,111,9,16,12,13,-38,-10,8,5,0,0,0,0,0,0
2024-12-23,0,8,0,0,0,0,0,0,0,0,25,52,0,0,0,3,0,20,0,12,45,0,0,0,0,0,0,20,32,0,0,0,52,0,0,0,0,0,15,11,0,105,0,0,0,12,0,0,0,1,0,48,0,0,21,0,31,0,0,0,47,13,50,117,111,9,16,12,13,-38,-10,8,5,0,0,0,0,0,0
2024-12-24,0,8,0,0,0,0,0,0,0,0,25,52,0,0,0,3,0,20,0,12,45,0,0,0,0,0,0,20,32,0,0,0,52,0,0,0,0,0,15,11,0,105,0,0,0,12,0,0,0,1,0,48,0,0,21,0,31,0,0,0,47,13,50,117,111,9,16,12,13,-38,-10,8,5,0,0,0,0,0,0
2024-12-26,0,8,0,0,0,0,0,0,0,0,25,52,0,0,0,3,0,20,0,12,45,0,0,0,0,0,0,20,32,0,0,0,52,0,0,0,0,0,15,11,0,105,0,0,0,12,0,0,0,1,0,48,0,0,21,0,31,0,0,0,47,13,50,117,111,9,16,12,13,-38,-10,8,5,0,0,0,0,0,0
2024-12-27,0,8,0,0,0,0,0,0,0,0,25,52,0,0,0,3,0,20,0,12,45,0,0,0,0,0,0,20,32,0,0,0,52,0,0,0,0,0,15,11,0,105,0,0,0,12,0,0,0,1,0,48,0,0,21,0,31,0,0,0,47,13,50,117,111,9,16,12,13,-38,-10,8,5,0,0,0,0,0,0
2024-12-30,0,8,0,0,0,0,0,0,0,0,25,52,0,0,0,3,0,20,0,12,45,0,0,0,0,0,0,20,32,0,0,0,52,0,0,0,0,0,15,11,0,105,0,0,0,12,0,0,0,1,0,48,0,0,21,0,31,0,0,0,47,13,50,117,111,9,16,12,13,-38,-10,8,5,0,0,0,0,0,0
2024-12-31,0,8,0,0,0,0,0,0,0,0,25,52,0,0,0,3,0,20,0,12,45,0,0,0,0,0,0,20,32,0,0,0,52,0,0,0,0,0,15,11,0,105,0,0,0,12,0,0,0,1,0,48,0,0,21,0,31,0,0,0,47,13,50,117,111,9,16,12,13,-38,-10,8,5,0,0,0,0,0,0
2025-01-02,0,8,0,0,0,0,0,0,0,0,25,52,0,0,0,3,0,20,0,12,45,0,0,0,0,0,0,20,32,0,0,0,52,0,0,0,0,0,15,11,0,105,0,0,0,12,0,0,0,1,0,48,0,0,21,0,31,0,0,0,47,13,50,117,111,9,16,12,13,-38,-10,8,5,0,0,0,0,0,0
2025-01-03,0,8,0,0,0,0,0,0,0,0,25,52,0,0,0,3,0,20,0,12,45,0,0,0,0,0,0,20,32,0,0,0,52,0,0,0,0,0,15,11,0,105,0,0,0,12,0,0,0,1,0,48,0,0,21,0,31,0,0,0,47,13,50,117,111,9,16,12,13,-38,-10,8,5,0,0,0,0,0,0
2025-01-06,0,8,0,0,0,0,0,0,0,0,25,52,0,0,0,3,0,20,0,12,45,0,0,0,0,0,0,20,32,0,0,0,52,0,0,0,0,0,15,11,0,105,0,0,0,12,0,0,0,1,0,48,0,0,21,0,31,0,0,0,47,13,50,117,111,9,16,12,13,-38,-10,8,5,0,0,0,0,0,0
2025-01-07,0,8,0,0,0,0,0,0,0,0,25,52,0,0,0,3,0,20,0,12,45,0,0,0,0,0,0,20,32,0,0,0,52,0,0,0,0,0,15,11,0,105,0,0,0,12,0,0,0,1,0,48,0,0,21,0,31,0,0,0,47,13,50,117,111,9,16,12,13,-38,-10,8,5,0,0,0,0,0,0
2025-01-08,0,0,0,0,13,0,0,0,0,0,25,52,0,0,0,3,0,20,0,12,45,0,0,0,0,0,0,20,32,0,0,0,52,0,0,0,0,8,15,11,0,105,0,0,0,12,0,0,0,0,0,48,0,0,21,0,31,0,0,0,47,13,50,117,111,9,16,12,13,-38,-10,8,0,0,0,0,0,0,0
2025-01-10,0,0,0,0,13,0,0,0,0,0,25,52,0,0,0,3,0,20,0,12,45,0,0,0,0,0,0,20,32,0,0,0,52,0,0,0,0,8,15,11,0,105,0,0,0,12,0,0,0,0,0,48,0,0,21,0,31,0,0,0,47,13,50,117,111,9,16,12,13,-38,-10,8,0,0,0,0,0,0,0
2025-01-13,0,0,0,0,13,0,0,0,0,0,25,52,0,0,0,3,0,20,0,12,45,0,0,0,0,0,0,20,32,0,0,0,52,0,0,0,0,8,15,11,0,105,0,0,0,12,0,0,0,0,0,48,0,0,21,0,31,0,0,0,47,13,50,117,111,9,16,12,13,-38,-10,8,0,0,0,0,0,0,0
2025-01-14,0,0,0,0,13,0,0,0,0,0,25,52,0,0,0,3,0,20,0,12,45,0,0,0,0,0,0,20,32,0,0,0,52,0,0,0,0,8,15,11,0,105,0,0,0,12,0,0,0,0,0,48,0,0,21,0,31,0,0,0,47,13,50,117,111,9,16,12,13,-38,-10,8,0,0,0,0,0,0,0
2025-01-15,0,0,0,0,13,0,0,0,0,0,25,52,0,0,0,3,0,20,0,12,45,0,0,0,0,0,0,20,32,0,0,0,52,0,0,0,0,8,15,11,0,105,0,0,0,12,0,0,0,0,0,48,0,0,21,0,31,0,0,0,47,13,50,117,111,9,16,12,13,-38,-10,8,0,0,0,0,0,0,0
2025-01-16,0,0,0,0,13,0,0,0,0,0,25,52,0,0,0,3,0,20,0,12,45,0,0,0,0,0,0,20,32,0,0,0,52,0,0,0,0,8,15,11,0,105,0,0,0,12,0,0,0,0,0,48,0,0,21,0,31,0,0,0,47,13,50,117,111,9,16,12,13,-38,-10,8,0,0,0,0,0,0,0
2025-01-17,0,0,0,0,13,0,0,0,0,0,25,52,0,0,0,3,0,20,0,12,45,0,0,0,0,0,0,20,32,0,0,0,52,0,0,0,0,8,15,11,0,105,0,0,0,12,0,0,0,0,0,48,0,0,21,0,31,0,0,0,47,13,50,117,111,9,16,12,13,-38,-10,8,0,0,0,0,0,0,0
2025-01-21,0,0,0,0,13,0,0,0,0,0,25,52,0,0,0,3,0,20,0,12,45,0,0,0,0,0,0,20,32,0,0,0,52,0,0,0,0,8,15,11,0,105,0,0,0,12,0,0,0,0,0,48,0,0,21,0,31,0,0,0,47,13,50,117,111,9,16,12,13,-38,-10,8,0,0,0,0,0,0,0
2025-01-22,0,0,0,0,13,0,0,0,0,0,25,52,0,0,0,3,0,20,0,12,45,0,0,0,0,0,0,20,32,0,0,0,52,0,0,0,0,8,15,11,0,105,0,0,0,12,0,0,0,0,0,48,0,0,21,0,31,0,0,0,47,13,50,117,111,9,16,12,13,-38,-10,8,0,0,0,0,0,0,0
2025-01-23,0,0,0,0,13,0,0,0,0,0,25,52,0,0,0,3,0,20,0,12,45,0,0,0,0,0,0,20,32,0,0,0,52,0,0,0,0,8,15,11,0,105,0,0,0,12,0,0,0,0,0,48,0,0,21,0,31,0,0,0,47,13,50,117,111,9,16,12,13,-38,-10,8,0,0,0,0,0,0,0
2025-01-24,0,0,0,0,13,0,0,0,0,0,25,52,0,0,0,3,0,20,0,12,45,0,0,0,0,0,0,20,32,0,0,0,52,0,0,0,0,8,15,11,0,105,0,0,0,12,0,0,0,0,0,48,0,0,21,0,31,0,0,0,47,13,50,117,111,9,16,12,13,-38,-10,8,0,0,0,0,0,0,0
2025-01-27,0,0,0,0,13,0,0,0,0,0,25,52,0,0,0,3,0,20,0,12,45,0,0,0,0,0,0,20,32,0,0,0,52,0,0,0,0,8,15,11,0,105,0,0,0,12,0,0,0,0,0,48,0,0,21,0,31,0,0,0,47,13,50,117,111,9,16,12,13,-38,-10,8,0,0,0,0,0,0,0
2025-01-28,0,0,0,0,13,0,0,0,0,0,25,52,0,0,0,3,0,20,0,12,45,0,0,0,0,0,0,20,32,0,0,0,52,0,0,0,0,8,15,11,0,105,0,0,0,12,0,0,0,0,0,48,0,0,21,0,31,0,0,0,47,13,50,117,111,9,16,12,13,-38,-10,8,0,0,0,0,0,0,0
2025-01-29,0,0,0,0,13,0,0,0,0,0,25,52,0,0,0,3,0,20,0,12,45,0,0,0,0,0,0,20,32,0,0,0,52,0,0,0,0,8,15,11,0,105,0,0,0,12,0,0,0,0,0,48,0,0,21,0,31,0,0,0,47,13,50,117,111,9,16,12,13,-38,-10,8,0,0,0,0,0,0,0
2025-01-30,0,0,0,0,13,0,0,0,0,0,25,52,0,0,0,3,0,20,0,12,45,0,0,0,0,0,0,20,32,0,0,0,52,0,0,0,0,8,15,11,0,105,0,0,0,12,0,0,0,0,0,48,0,0,21,0,31,0,0,0,47,13,50,117,111,9,16,12,13,-38,-10,8,0,0,0,0,0,0,0
2025-01-31,0,0,0,0,13,0,0,0,0,0,25,52,0,0,0,3,0,20,0,12,45,0,0,0,0,0,0,20,32,0,0,0,52,0,0,0,0,8,15,11,0,105,0,0,0,12,0,0,0,0,0,48,0,0,21,0,31,0,0,0,47,13,50,117,111,9,16,12,13,-38,-10,8,0,0,0,0,0,0,0
2025-02-03,0,0,0,0,0,0,0,0,0,0,25,52,0,0,0,3,0,20,0,12,45,0,0,0,0,0,0,0,32,0,0,0,52,0,0,0,0,8,15,11,0,105,0,0,0,12,0,0,0,0,30,48,0,0,21,0,0,0,0,0,0,13,50,0,0,0,16,12,13,-38,-10,8,0,35,45,10,40,26,13
2025-02-04,0,0,0,0,0,0,0,0,0,0,25,52,0,0,0,3,0,20,0,12,45,0,0,0,0,0,0,0,32,0,0,0,52,0,0,0,0,8,15,11,0,105,0,0,0,12,0,0,0,0,30,48,0,0,21,0,0,0,0,0,0,13,50,0,0,0,16,12,13,-38,-10,8,0,35,45,10,40,26,13
2025-02-05,0,0,0,0,0,0,0,0,0,0,25,52,0,0,0,3,0,20,0,12,45,0,0,0,0,0,0,0,32,0,0,0,52,0,0,0,0,8,15,11,0,105,0,0,0,12,0,0,0,0,30,48,0,0,21,0,0,0,0,0,0,13,50,0,0,0,16,12,13,-38,-10,8,0,35,45,10,40,26,13
2025-02-06,0,0,0,0,0,0,0,0,0,0,25,52,0,0,0,3,0,20,0,12,45,0,0,0,0,0,0,0,32,0,0,0,52,0,0,0,0,8,15,11,0,105,0,0,0,12,0,0,0,0,30,48,0,0,21,0,0,0,0,0,0,13,50,0,0,0,16,12,13,-38,-10,8,0,35,45,10,40,26,13
2025-02-07,0,0,0,0,0,0,0,0,0,0,25,52,0,0,0,3,0,20,0,12,45,0,0,0,0,0,0,0,32,0,0,0,52,0,0,0,0,8,15,11,0,105,0,0,0,12,0,0,0,0,30,48,0,0,21,0,0,0,0,0,0,13,50,0,0,0,16,12,13,-38,-10,8,0,35,45,10,40,26,13
2025-02-10,0,0,0,0,0,0,0,0,0,0,25,52,0,0,0,3,0,20,0,12,45,0,0,0,0,0,0,0,32,0,0,0,52,0,0,0,0,8,15,11,0,105,0,0,0,12,0,0,0,0,30,48,0,0,21,0,0,0,0,0,0,13,50,0,0,0,16,12,13,-38,-10,8,0,35,45,10,40,26,13
2025-02-11,0,0,0,0,0,0,0,0,0,0,25,52,0,0,0,3,0,20,0,12,45,0,0,0,0,0,0,0,32,0,0,0,52,0,0,0,0,8,15,11,0,105,0,0,0,12,0,0,0,0,30,48,0,0,21,0,0,0,0,0,0,13,50,0,0,0,16,12,13,-38,-10,8,0,35,45,10,40,26,13
2025-02-12,0,0,0,0,0,0,0,0,0,0,25,52,0,0,0,3,0,20,0,12,45,0,0,0,0,0,0,0,32,0,0,0,52,0,0,0,0,8,15,11,0,105,0,0,0,12,0,0,0,0,30,48,0,0,21,0,0,0,0,0,0,13,50,0,0,0,16,12,13,-38,-10,8,0,35,45,10,40,26,13
2025-02-13,0,0,0,0,0,0,0,0,0,0,25,52,0,0,0,3,0,20,0,12,45,0,0,0,0,0,0,0,32,0,0,0,52,0,0,0,0,8,15,11,0,105,0,0,0,12,0,0,0,0,30,48,0,0,21,0,0,0,0,0,0,13,50,0,0,0,16,12,13,-38,-10,8,0,35,45,10,40,26,13
2025-02-14,0,0,0,0,0,0,0,0,0,0,25,52,0,0,0,3,0,20,0,12,45,0,0,0,0,0,0,0,32,0,0,0,52,0,0,0,0,8,15,11,0,105,0,0,0,12,0,0,0,0,30,48,0,0,21,0,0,0,0,0,0,13,50,0,0,0,16,12,13,-38,-10,8,0,35,45,10,40,26,13
2025-02-18,0,0,0,0,0,0,0,0,0,0,25,52,0,0,0,3,0,20,0,12,45,0,0,0,0,0,0,0,32,0,0,0,52,0,0,0,0,8,15,11,0,105,0,0,0,12,0,0,0,0,30,48,0,0,21,0,0,0,0,0,0,13,50,0,0,0,16,12,13,-38,-10,8,0,35,45,10,40,26,13
2025-02-19,0,0,0,0,0,0,0,0,0,0,25,52,0,0,0,3,0,20,0,12,45,0,0,0,0,0,0,0,32,0,0,0,52,0,0,0,0,8,15,11,0,105,0,0,0,12,0,0,0,0,30,48,0,0,21,0,0,0,0,0,0,13,50,0,0,0,16,12,13,-38,-10,8,0,35,45,10,40,26,13
2025-02-20,0,0,0,0,0,0,0,0,0,0,25,52,0,0,0,3,0,20,0,12,45,0,0,0,0,0,0,0,32,0,0,0,52,0,0,0,0,8,15,11,0,105,0,0,0,12,0,0,0,0,30,48,0,0,21,0,0,0,0,0,0,13,50,0,0,0,16,12,13,-38,-10,8,0,35,45,10,40,26,13
2025-02-21,0,0,0,0,0,0,0,0,0,0,25,52,0,0,0,3,0,20,0,12,45,0,0,0,0,0,0,0,32,0,0,0,52,0,0,0,0,8,15,11,0,105,0,0,0,12,0,0,0,0,30,48,0,0,21,0,0,0,0,0,0,13,50,0,0,0,16,12,13,-38,-10,8,0,35,45,10,40,26,13
2025-02-24,0,0,0,0,0,0,0,0,0,0,25,52,0,0,0,3,0,20,0,12,45,0,0,0,0,0,0,0,32,0,0,0,52,0,0,0,0,8,15,11,0,105,0,0,0,12,0,0,0,0,30,48,0,0,21,0,0,0,0,0,0,13,50,0,0,0,16,12,13,-38,-10,8,0,35,45,10,40,26,13
2025-02-25,0,0,0,0,0,0,0,0,0,0,25,52,0,0,0,3,0,20,0,12,45,0,0,0,0,0,0,0,32,0,0,0,52,0,0,0,0,8,15,11,0,105,0,0,0,12,0,0,0,0,30,48,0,0,21,0,0,0,0,0,0,13,50,0,0,0,16,12,13,-38,-10,8,0,35,45,10,40,26,13
2025-02-26,0,0,0,0,0,0,0,0,0,0,25,52,0,0,0,3,0,20,0,12,45,0,0,0,0,0,0,0,32,0,0,0,52,0,0,0,0,8,15,11,0,105,0,0,0,12,0,0,0,0,30,48,0,0,21,0,0,0,0,0,0,13,50,0,0,0,16,12,13,-38,-10,8,0,35,45,10,40,26,13
2025-02-27,0,0,0,0,0,0,0,0,0,0,25,52,0,0,0,3,0,20,0,12,45,0,0,0,0,0,0,0,32,0,0,0,52,0,0,0,0,8,15,11,0,105,0,0,0,12,0,0,0,0,30,48,0,0,21,0,0,0,0,0,0,13,50,0,0,0,16,12,13,-38,-10,8,0,35,45,10,40,26,13
2025-02-28,0,0,0,0,0,0,0,0,0,0,25,52,0,0,0,3,0,20,0,12,45,0,0,0,0,0,0,0,32,0,0,0,52,0,0,0,0,8,15,11,0,105,0,0,0,12,0,0,0,0,30,48,0,0,21,0,0,0,0,0,0,13,50,0,0,0,16,12,13,-38,-10,8,0,35,45,10,40,26,13
2025-03-03,0,0,0,0,0,0,0,0,0,0,25,52,0,0,0,3,0,20,0,12,45,0,0,0,0,0,0,0,32,0,0,0,52,0,0,0,0,8,15,11,0,105,0,0,0,12,0,0,0,0,30,48,0,0,21,0,0,0,0,0,0,13,50,0,0,0,16,12,13,-38,-10,8,0,35,45,10,40,26,13
2025-03-04,0,0,0,0,0,0,0,0,0,0,25,52,0,0,0,3,0,20,0,12,45,0,0,0,0,0,0,0,32,0,0,0,52,0,0,0,0,8,15,11,0,105,0,0,0,12,0,0,0,0,30,48,0,0,21,0,0,0,0,0,0,13,50,0,0,0,16,12,13,-38,-10,8,0,35,45,10,40,26,13
2025-03-05,0,0,0,0,0,0,0,0,0,0,25,52,0,0,0,3,0,20,0,12,45,0,0,0,0,0,0,0,32,0,0,0,52,0,0,0,0,8,15,11,0,105,0,0,0,12,0,0,0,0,30,48,0,0,21,0,0,0,0,0,0,13,50,0,0,0,16,12,13,-38,-10,8,0,35,45,10,40,26,13
2025-03-06,0,0,0,0,0,0,0,0,0,0,25,52,0,0,0,3,0,20,0,12,45,0,0,0,0,0,0,0,32,0,0,0,52,0,0,0,0,8,15,11,0,105,0,0,0,12,0,0,0,0,30,48,0,0,21,0,0,0,0,0,0,13,50,0,0,0,16,12,13,-38,-10,8,0,35,45,10,40,26,13
2025-03-07,0,0,0,0,0,0,0,0,0,0,25,52,0,0,0,3,0,20,0,12,45,0,0,0,0,0,0,0,32,0,0,0,52,0,0,0,0,8,15,11,0,105,0,0,0,12,0,0,0,0,30,48,0,0,21,0,0,0,0,0,0,13,50,0,0,0,16,12,13,-38,-10,8,0,35,45,10,40,26,13
2025-03-10,0,0,0,0,0,0,0,0,0,0,25,52,0,0,0,3,0,20,0,12,45,0,0,0,0,0,0,0,32,0,0,0,52,0,0,0,0,8,15,11,0,105,0,0,0,12,0,0,0,0,30,48,0,0,21,0,0,0,0,0,0,13,50,0,0,0,16,12,13,-38,-10,8,0,35,45,10,40,26,13
2025-03-11,0,0,0,0,0,0,0,0,0,0,25,52,0,0,0,3,0,20,0,12,45,0,0,0,0,0,0,0,32,0,0,0,52,0,0,0,0,8,15,11,0,105,0,0,0,12,0,0,0,0,30,48,0,0,21,0,0,0,0,0,0,13,50,0,0,0,16,12,13,-38,-10,8,0,35,45,10,40,26,13
2025-03-12,0,0,0,0,0,0,0,0,0,0,25,52,0,0,0,3,0,20,0,12,45,0,0,0,0,0,0,0,32,0,0,0,52,0,0,0,0,8,15,11,0,105,0,0,0,12,0,0,0,0,30,48,0,0,21,0,0,0,0,0,0,13,50,0,0,0,16,12,13,-38,-10,8,0,35,45,10,40,26,13
2025-03-13,0,0,0,0,0,0,0,0,0,0,25,52,0,0,0,3,0,20,0,12,45,0,0,0,0,0,0,0,32,0,0,0,52,0,0,0,0,8,15,11,0,105,0,0,0,12,0,0,0,0,30,48,0,0,21,0,0,0,0,0,0,13,50,0,0,0,16,12,13,-38,-10,8,0,35,45,10,40,26,13
2025-03-14,0,0,0,0,0,0,0,0,0,0,25,52,0,0,0,3,0,20,0,12,45,0,0,0,0,0,0,0,32,0,0,0,52,0,0,0,0,8,15,11,0,105,0,0,0,12,0,0,0,0,30,48,0,0,21,0,0,0,0,0,0,13,50,0,0,0,16,12,13,-38,-10,8,0,35,45,10,40,26,13
2025-03-17,0,0,0,0,0,0,0,0,0,0,25,52,0,0,0,3,0,20,0,12,45,0,0,0,0,0,0,0,32,0,0,0,52,0,0,0,0,8,15,11,0,105,0,0,0,12,0,0,0,0,30,48,0,0,21,0,0,0,0,0,0,13,50,0,0,0,16,12,13,-38,-10,8,0,35,45,10,40,26,13
2025-03-18,0,0,0,0,0,0,0,0,0,0,25,52,0,0,0,3,0,20,0,12,45,0,0,0,0,0,0,0,32,0,0,0,52,0,0,0,0,8,15,11,0,105,0,0,0,12,0,0,0,0,30,48,0,0,21,0,0,0,0,0,0,13,50,0,0,0,16,12,13,-38,-10,8,0,35,45,10,40,26,13
2025-03-19,0,0,0,0,0,0,0,0,0,0,25,52,0,0,0,3,0,20,0,12,45,0,0,0,0,0,0,0,32,0,0,0,52,0,0,0,0,8,15,11,0,105,0,0,0,12,0,0,0,0,30,48,0,0,21,0,0,0,0,0,0,13,50,0,0,0,16,12,13,-38,-10,8,0,35,45,10,40,26,13
2025-03-20,0,0,0,0,0,0,0,0,0,0,25,52,0,0,0,3,0,20,0,12,45,0,0,0,0,0,0,0,32,0,0,0,52,0,0,0,0,8,15,11,0,105,0,0,0,12,0,0,0,0,30,48,0,0,21,0,0,0,0,0,0,13,50,0,0,0,16,12,13,-38,-10,8,0,35,45,10,40,26,13
2025-03-21,0,0,0,0,0,0,0,0,0,0,25,52,0,0,0,3,0,20,0,12,45,0,0,0,0,0,0,0,32,0,0,0,52,0,0,0,0,8,15,11,0,105,0,0,0,12,0,0,0,0,30,48,0,0,21,0,0,0,0,0,0,13,50,0,0,0,16,12,13,-38,-10,8,0,35,45,10,40,26,13
2025-03-24,0,0,0,0,0,0,0,0,0,0,25,52,0,0,0,3,0,20,0,12,45,0,0,0,0,0,0,0,32,0,0,0,52,0,0,0,0,8,15,11,0,105,0,0,0,12,0,0,0,0,30,48,0,0,21,0,0,0,0,0,0,13,50,0,0,0,16,12,13,-38,-10,8,0,35,45,10,40,26,13
2025-03-25,0,0,0,0,0,0,0,0,0,0,25,52,0,0,0,3,0,20,0,12,45,0,0,0,0,0,0,0,32,0,0,0,52,0,0,0,0,8,15,11,0,105,0,0,0,12,0,0,0,0,30,48,0,0,21,0,0,0,0,0,0,13,50,0,0,0,16,12,13,-38,-10,8,0,35,45,10,40,26,13
2025-03-26,0,0,0,0,0,0,0,0,0,0,25,52,0,0,0,3,0,20,0,12,45,0,0,0,0,0,0,0,32,0,0,0,52,0,0,0,0,8,15,11,0,105,0,0,0,12,0,0,0,0,30,48,0,0,21,0,0,0,0,0,0,13,50,0,0,0,16,12,13,-38,-10,8,0,35,45,10,40,26,13
2025-03-27,0,0,0,0,0,0,0,0,0,0,25,52,0,0,0,3,0,20,0,12,45,0,0,0,0,0,0,0,32,0,0,0,52,0,0,0,0,8,15,11,0,105,0,0,0,12,0,0,0,0,30,48,0,0,21,0,0,0,0,0,0,13,50,0,0,0,16,12,13,-38,-10,8,0,35,45,10,40,26,13
2025-03-28,0,0,0,0,0,0,0,0,0,0,25,52,0,0,0,3,0,20,0,12,45,0,0,0,0,0,0,0,32,0,0,0,52,0,0,0,0,8,15,11,0,105,0,0,0,12,0,0,0,0,30,48,0,0,21,0,0,0,0,0,0,13,50,0,0,0,16,12,13,-38,-10,8,0,35,45,10,40,26,13
2025-03-31,0,0,0,0,0,0,0,0,0,0,25,52,0,0,0,3,0,20,0,12,45,0,0,0,0,0,0,0,32,0,0,0,52,0,0,0,0,8,15,11,0,105,0,0,0,12,0,0,0,0,30,48,0,0,21,0,0,0,0,0,0,13,50,0,0,0,16,12,13,-38,-10,8,0,35,45,10,40,26,13
